Sps,lon,Lat,Source,Lon_dd,Lat_dd,NEAR_FID,NEAR_DIST,NEAR_X,NEAR_Y,RASTERVALU
Gtri,-161.9405,70.722205,OBIS, , ,831366,1681.58742961,-161.958333333,70.7083333333,2
Gtri,-64.69,50.04,OBIS, , ,1243775,1326.32807838,-64.7083333333,50.0416666667,2
Gtri,-161.5377,70.845175,OBIS, , ,826341,3330.82282921,-161.541666667,70.875,2
Gtri,-133.15,69.62166667,OBIS, , ,861476,1040.58300989,-133.125,69.625,2
Gtri,-162.25665,70.627945,OBIS, , ,833840,1337.92054877,-162.291666667,70.625,2
Gtri,-64.32009,48.1495,OBIS, , ,1286844,3449.14901944,-64.2916666667,48.125,2
Gtri,-68.3,49.05,OBIS, , ,1266440,1109.05647304,-68.2916666667,49.0416666667,2
Gtri,-64.5728,49.7303,OBIS, , ,1251412,3318.09365198,-64.5416666667,49.7083333333,2
Gtri,-132.6916667,69.83,OBIS, , ,857330,4324.40427399,-132.708333333,69.7916666667,2
Gtri,-57.1115,51.1673,OBIS, , ,1218430,4661.58498682,-57.125,51.2083333333,2
Gtri,-134.65,70.216667,OBIS, , ,846254,1325.64218436,-134.625,70.2083333333,2
Gtri,-68.99,48.61,OBIS, , ,1275765,2869.42868215,-68.9583333333,48.625,2
Gtri,-64.26,48.30542,OBIS, , ,1283142,2803.35865835,-64.2916666667,48.2916666667,2
Gtri,-133.0333333,69.83333333,OBIS, , ,855170,4659.37326482,-133.041666667,69.875,2
Gtri,-64.25925,48.012,OBIS, , ,1288695,4089.88622782,-64.2916666667,48.0416666667,2
Gtri,-63.1345,49.8597,OBIS, , ,1247619,1833.70395353,-63.125,49.875,2
Gtri,-68.4885,48.7313,OBIS, , ,1273914,3383.77910332,-68.4583333333,48.7083333333,2
Gtri,-63.4507,49.2978,OBIS, , ,1260881,879.535562688,-63.4583333333,49.2916666667,2
Gtri,-133.5833333,70.3,OBIS, , ,843922,1823.36336048,-133.541666667,70.2916666667,2
Gtri,-52.89,46.24,OBIS, , ,1330903,3705.28452441,-52.875,46.2083333333,2
Gtri,-64.09217,48.01325,OBIS, , ,1288697,3997.42703805,-64.125,48.0416666667,2
Gtri,-134.15,70.41666667,OBIS, , ,839090,4741.66914406,-134.125,70.4583333333,2
Gtri,-63.43,49.88,OBIS, , ,1247615,2111.10532261,-63.4583333333,49.875,2
Gtri,-68.6763,48.5472,OBIS, , ,1277614,2443.96464974,-68.7083333333,48.5416666667,2
Gtri,-132.3333333,70.03333333,OBIS, , ,850791,1840.33764782,-132.291666667,70.0416666667,2
Gtri,-132.966667,70.183333,OBIS, , ,846274,2806.90838363,-132.958333333,70.2083333333,2
Gtri,-69.0757,48.346,OBIS, , ,1281287,4093.81774958,-69.0416666667,48.375,2
Gtri,-63.818,49.555,OBIS, , ,1255210,2414.63858553,-63.7916666667,49.5416666667,2
Gtri,-133.428333,69.621667,OBIS, , ,861472,1224.09614271,-133.458333333,69.625,2
Gtri,-164.87255,71.02273,OBIS, , ,821073,2114.72472496,-164.875,71.0416666667,2
Gtri,-161.1545,70.7134,OBIS, , ,831376,1226.13194209,-161.125,70.7083333333,2
Gtri,-68.2977,48.8617,OBIS, , ,1270182,1543.8680807,-68.2916666667,48.875,2
Gtri,-63.9893,49.6262,OBIS, , ,1253318,2241.34953371,-63.9583333333,49.625,2
Gtri,-53.41,46.14,OBIS, , ,1332889,3177.34444831,-53.375,46.125,2
Gtri,-64.43434,47.626,OBIS, , ,1297929,1806.85500515,-64.4583333333,47.625,2
Gtri,-69.5628,47.998889,OBIS, , ,1290508,4777.42189095,-69.5416666667,47.9583333333,2
Gtri,-59.3995,49.8642,OBIS, , ,1247664,2131.93451529,-59.375,49.875,2
Gtri,-62.86533,46.86175,OBIS, , ,1315153,1647.18842769,-62.875,46.875,2
Gtri,-64.58875,48.09942,OBIS, , ,1286840,3921.25921331,-64.625,48.125,2
Gtri,-56.817,51.3105,OBIS, , ,1216664,2740.77058851,-56.7916666667,51.2916666667,2
Gtri,-134.3666667,70.05,OBIS, , ,850766,982.415398475,-134.375,70.0416666667,2
Gtri,-56.6143,51.4442,OBIS, , ,1213069,1739.47861205,-56.625,51.4583333333,2
Gtri,-53.94,45.44,OBIS, , ,1348967,2491.70839169,-53.9583333333,45.4583333333,2
Gtri,-161.13705,70.960685,OBIS, , ,823762,511.374180526,-161.125,70.9583333333,2
Gtri,-133.8583333,70.07833333,OBIS, , ,850772,4139.5686615,-133.875,70.0416666667,2
Gtri,-133.5633333,70.21666667,OBIS, , ,846267,1238.96026153,-133.541666667,70.2083333333,2
Gtri,-168.3666687,65.36000061,OBIS, , ,928353,1716.73750578,-168.375,65.375,2
Gtri,-68.8923,48.497,OBIS, , ,1279452,4485.92906635,-68.875,48.4583333333,2
Gtri,-63.6578,49.9282,OBIS, , ,1245701,4095.95231312,-63.625,49.9583333333,2
Gtri,-55.22,45.5,OBIS, , ,1346939,4719.76888608,-55.2083333333,45.5416666667,2
Gtri,-68.659,48.8795,OBIS, , ,1270178,2543.66155345,-68.625,48.875,2
Gtri,-63.89975,47.80283,OBIS, , ,1294216,2231.2937306,-63.875,47.7916666667,2
Gtri,-78.91666667,52.91388889,OBIS, , ,1183716,5156.81344618,-78.9583333333,52.875,2
Gtri,-52.63,46.32,OBIS, , ,1328918,3172.92267348,-52.625,46.2916666667,2
Gtri,-63.365,50.0093,OBIS, , ,1243791,3670.75199401,-63.375,50.0416666667,2
Gtri,-64.39508,47.40367,OBIS, , ,1303628,3529.66689863,-64.375,47.375,2
Gtri,-64.51458,48.16642,OBIS, , ,1286841,5027.38487949,-64.5416666667,48.125,2
Gtri,-164.126,70.520215,OBIS, , ,836328,2393.62307192,-164.125,70.5416666667,2
Gtri,-171.0670013,63.65999985,OBIS, , ,952327,4098.52440077,-171.041666667,63.625,2
Gtri,-171.3885956,64.0,OBIS, , ,946230,4692.230668,-171.375,64.0416666667,2
Gtri,-68.28333333,58.7175,OBIS, , ,1045519,1129.5262644,-68.2916666667,58.7083333333,2
Gtri,-132.95,69.97333333,OBIS, , ,852993,1703.50895989,-132.958333333,69.9583333333,2
Gtri,-68.7978,48.754,OBIS, , ,1272044,4212.9250372,-68.7916666667,48.7916666667,2
Gtri,-135.816667,69.883333,OBIS, , ,855137,1336.48991134,-135.791666667,69.875,2
Gtri,-132.36,70.20666667,OBIS, , ,846281,596.804522684,-132.375,70.2083333333,2
Gtri,-133.18,69.86833333,OBIS, , ,855168,1318.40757178,-133.208333333,69.875,2
Gtri,-68.3,58.83333333,OBIS, , ,1041433,4666.21425426,-68.2916666667,58.875,2
Gtri,-64.17942,48.43534,OBIS, , ,1279458,3333.55664103,-64.2083333333,48.4583333333,2
Gtri,-132.1783333,69.75666667,OBIS, , ,857336,4072.6643864,-132.208333333,69.7916666667,2
Gtri,-64.41267,48.28592,OBIS, , ,1283141,2867.51746208,-64.375,48.2916666667,2
Gtri,-63.86275,48.44359,OBIS, , ,1279462,1873.2100414,-63.875,48.4583333333,2
Gtri,-63.7208,49.486,OBIS, , ,1257102,3206.97388665,-63.7083333333,49.4583333333,2
Gtri,-133.4016667,70.01833333,OBIS, , ,850778,2794.67775142,-133.375,70.0416666667,2
Gtri,-57.3733,50.9835,OBIS, , ,1223738,2802.27960245,-57.375,50.9583333333,2
Gtri,-132.5833333,69.725,OBIS, , ,859444,2461.25498515,-132.541666667,69.7083333333,2
Gtri,-133.8833333,70.3,OBIS, , ,843918,981.213460146,-133.875,70.2916666667,2
Gtri,-57.6873,50.8802,OBIS, , ,1225501,1589.38368029,-57.7083333333,50.875,2
Gtri,-52.74,45.87,OBIS, , ,1338925,2520.65980893,-52.7083333333,45.875,2
Gtri,-163.0833282,71.19999695,OBIS, , ,815802,1763.93887081,-163.041666667,71.2083333333,2
Gtri,-64.30675,47.63975,OBIS, , ,1297931,1993.59682743,-64.2916666667,47.625,2
Gtri,-133.5333333,69.77,OBIS, , ,857320,2438.41262021,-133.541666667,69.7916666667,2
Gtri,-53.47,45.86,OBIS, , ,1338916,1897.44606863,-53.4583333333,45.875,2
Gtri,-63.826,49.2813,OBIS, , ,1260877,2751.03875648,-63.7916666667,49.2916666667,2
Gtri,-63.85,48.11667,OBIS, , ,1286849,2079.00178988,-63.875,48.125,2
Gtri,-134.5933333,69.87666667,OBIS, , ,855151,1230.56131756,-134.625,69.875,2
Gtri,-64.27334,47.5285,OBIS, , ,1299827,2011.72141226,-64.2916666667,47.5416666667,2
Gtri,-63.85017,48.601,OBIS, , ,1275781,3236.50080887,-63.875,48.625,2
Gtri,-132.015,69.98666667,OBIS, , ,853004,3321.30475726,-132.041666667,69.9583333333,2
Gtri,-168.9333333,64.25,OBIS, , ,942675,4800.43767965,-168.958333333,64.2916666667,2
Gtri,-53.05,46.15,OBIS, , ,1332893,2852.48127453,-53.0416666667,46.125,2
Gtri,-57.8982,50.6345,OBIS, , ,1230858,1952.27387321,-57.875,50.625,2
Gtri,-68.9453,48.7003,OBIS, , ,1273908,1310.84703228,-68.9583333333,48.7083333333,2
Gtri,-51.73,46.74,OBIS, , ,1319134,3890.44382734,-51.7083333333,46.7083333333,2
Gtri,-49.3,47.52,OBIS, , ,1299998,2489.31191046,-49.2916666667,47.5416666667,2
Gtri,-57.23,51.14,OBIS, , ,1220209,2254.96876709,-57.2083333333,51.125,2
Gtri,-64.37,49.53,OBIS, , ,1255203,1347.09587016,-64.375,49.5416666667,2
Gtri,-65.59,50.12,OBIS, , ,1241850,2564.01384493,-65.625,50.125,2
Gtri,-68.6867,48.66,OBIS, , ,1275768,4205.95462425,-68.7083333333,48.625,2
Gtri,-64.09925,48.2265,OBIS, , ,1284988,2782.45897482,-64.125,48.2083333333,2
Gtri,-64.5157,49.6298,OBIS, , ,1253311,1950.53033694,-64.5416666667,49.625,2
Gtri,-64.7257,49.925,OBIS, , ,1245688,3911.56610045,-64.7083333333,49.9583333333,2
Gtri,-132.6,70.216667,OBIS, , ,846278,1325.64218436,-132.625,70.2083333333,2
Gtri,-64.12383,47.47383,OBIS, , ,1301733,1725.17482929,-64.125,47.4583333333,2
Gtri,-63.95742,48.24933,OBIS, , ,1284990,4559.1200028,-63.9583333333,48.2083333333,2
Gtri,-64.38442,47.77375,OBIS, , ,1294210,2113.46142419,-64.375,47.7916666667,2
Gtri,-63.7128,50.0578,OBIS, , ,1243787,1822.80349705,-63.7083333333,50.0416666667,2
Gtri,-68.9957,48.4153,OBIS, , ,1281288,5266.77574905,-68.9583333333,48.375,2
Gtri,-54.7,55.17,OBIS, , ,1131628,4300.41597855,-54.7083333333,55.2083333333,2
Gtri,-169.0833333,63.9666667,OBIS, , ,947452,2242.97475984,-169.041666667,63.9583333333,2
Gtri,-57.88033,44.38742,OBIS, , ,1375722,1443.99048758,-57.875,44.375,2
Gtri,-63.39442,47.10134,OBIS, , ,1309366,3015.14565395,-63.375,47.125,2
Gtri,-63.61384,47.35342,OBIS, , ,1303637,2543.01108796,-63.625,47.375,2
Gtri,-134.605,69.96833333,OBIS, , ,852973,1352.75022461,-134.625,69.9583333333,2
Gtri,-48.39,46.61,OBIS, , ,1321115,2024.96708912,-48.375,46.625,2
Gtri,-134.1666667,69.965,OBIS, , ,852978,1758.99842156,-134.208333333,69.9583333333,2
Gtri,-48.75,47.24,OBIS, , ,1307613,4727.87863893,-48.7083333333,47.2083333333,2
Gtri,-51.08,45.21,OBIS, , ,1355069,3017.13587704,-51.0416666667,45.2083333333,2
Gtri,-64.19225,47.80992,OBIS, , ,1294212,2360.21154339,-64.2083333333,47.7916666667,2
Gtri,-63.70008,47.50792,OBIS, , ,1299834,3803.12353023,-63.7083333333,47.5416666667,2
Gtri,-63.21666667,49.23333333,OBIS, , ,1262754,2845.85202708,-63.2083333333,49.2083333333,2
Gtri,-52.29,46.44,OBIS, , ,1324993,2041.95436823,-52.2916666667,46.4583333333,2
Gtri,-64.3758,49.7355,OBIS, , ,1251414,3022.12780191,-64.375,49.7083333333,2
Gtri,-56.04,55.22,OBIS, , ,1131612,1303.14591999,-56.0416666667,55.2083333333,2
Gtri,-52.08,46.53,OBIS, , ,1323035,3213.9128231,-52.0416666667,46.5416666667,2
Gtri,-52.54,46.41,OBIS, , ,1326950,3892.67574193,-52.5416666667,46.375,2
Gtri,-169.5688889,64.0019444,OBIS, , ,946252,4623.85341801,-169.541666667,64.0416666667,2
Gtri,-160.89,71.0,OBIS, , ,821121,4680.74426486,-160.875,71.0416666667,2
Gtri,-52.67,44.81,OBIS, , ,1365257,3653.67544479,-52.7083333333,44.7916666667,2
Gtri,-59.267,49.9115,OBIS, , ,1247665,4429.81824399,-59.2916666667,49.875,2
Gtri,-64.311,47.91592,OBIS, , ,1292365,4773.97784719,-64.2916666667,47.875,2
Gtri,-68.4,48.92,OBIS, , ,1268312,4639.78396097,-68.375,48.9583333333,2
Gtri,-63.93567,47.35309,OBIS, , ,1303633,2977.31225579,-63.9583333333,47.375,2
Gtri,-53.77,45.85,OBIS, , ,1338912,3248.40704375,-53.7916666667,45.875,2
Gtri,-57.0085,51.3773,OBIS, , ,1214858,2323.48097067,-57.0416666667,51.375,2
Gtri,-63.95508,47.51392,OBIS, , ,1299831,3094.61836634,-63.9583333333,47.5416666667,2
Gtri,-161.8899,70.976505,OBIS, , ,823753,2098.81643318,-161.875,70.9583333333,2
Gtri,-135.2166667,70.21666667,OBIS, , ,846247,981.614028741,-135.208333333,70.2083333333,2
Gtri,-52.5,46.33,OBIS, , ,1328920,5334.54749903,-52.4583333333,46.2916666667,2
Gtri,-68.6307,48.7933,OBIS, , ,1272046,456.500563162,-68.625,48.7916666667,2
Gtri,-54.05,45.77,OBIS, , ,1340929,2493.86354109,-54.0416666667,45.7916666667,2
Gtri,-162.6282,71.231295,OBIS, , ,815807,2564.57600777,-162.625,71.2083333333,2
Gtri,-168.4830933,66.0,OBIS, , ,919886,4780.0181096,-168.458333333,66.0416666667,2
Gtri,-63.78509,48.26759,OBIS, , ,1283148,2721.35869819,-63.7916666667,48.2916666667,2
Gtri,-63.65817,47.80458,OBIS, , ,1294219,2869.93610006,-63.625,47.7916666667,2
Gtri,-52.37,46.23,OBIS, , ,1330909,2439.07401658,-52.375,46.2083333333,2
Gtri,-49.31,44.32,OBIS, , ,1377969,3471.61344141,-49.2916666667,44.2916666667,2
Gtri,-49.49,47.45,OBIS, , ,1301894,2561.3918073,-49.4583333333,47.4583333333,2
Gtri,-162.24565,71.10351,OBIS, , ,818460,2751.02075886,-162.208333333,71.125,2
Gtri,-168.5,65.45999908,OBIS, , ,927234,1940.74999478,-168.541666667,65.4583333333,2
Gtri,-66.762728,44.579121,GBIF, , ,1371388,4754.83846135,-66.7916666667,44.5416666667,2
Gtri,-156.3166656,71.36000061,OBIS, , ,810551,1896.39009114,-156.291666667,71.375,1
Gtri,-80.45,59.06666667,OBIS, , ,1037331,2825.661384,-80.4583333333,59.0416666667,1
Gtri,-62.7023,50.0307,OBIS, , ,1243799,1294.13725863,-62.7083333333,50.0416666667,1
Gtri,-62.64317,46.82034,OBIS, , ,1317083,3476.1942963,-62.625,46.7916666667,1
Gtri,-163.05405,70.14116,OBIS, , ,848358,1863.09062415,-163.041666667,70.125,1
Gtri,-167.9166718,67.80000305,OBIS, , ,896531,1988.45849426,-167.958333333,67.7916666667,1
Gtri,-55.53,53.67,OBIS, , ,1166243,4335.52751066,-55.5416666667,53.7083333333,1
Gtri,-62.25009,46.25784,OBIS, , ,1328809,4940.45262967,-62.2916666667,46.2916666667,1
Gtri,-64.83333588,60.41666794,OBIS, , ,1005731,5178.24601676,-64.875,60.4583333333,1
Gtri,-62.47075,48.04892,OBIS, , ,1288717,1227.81695557,-62.4583333333,48.0416666667,1
Gtri,-54.41,46.6,OBIS, , ,1321043,3861.58394156,-54.375,46.625,1
Gtri,-163.7541,70.400415,OBIS, , ,841303,3165.7493162,-163.791666667,70.375,1
Gtri,-77.83333333,55.33333333,OBIS, , ,1127491,5338.80614016,-77.7916666667,55.375,1
Gtri,-166.64,63.051667,OBIS, , ,961390,1348.46818031,-166.625,63.0416666667,1
Gtri,-128.6999969,70.02999878,OBIS, , ,850831,1339.92944761,-128.708333333,70.0416666667,1
Gtri,-118.0166667,72.88333333,OBIS, , ,759582,1241.04129568,-118.041666667,72.875,1
Gtri,-67.279,60.477,OBIS, , ,1005702,2193.46322514,-67.2916666667,60.4583333333,1
Gtri,-71.0,61.5,OBIS, , ,985739,5145.56524886,-70.9583333333,61.5416666667,1
Gtri,-128.5916667,70.33333333,OBIS, , ,841596,4814.05836191,-128.625,70.375,1
Gtri,-163.95705,70.08649,OBIS, , ,848347,4296.58161656,-163.958333333,70.125,1
Gtri,-62.61859,48.42884,OBIS, , ,1279477,3313.73718236,-62.625,48.4583333333,1
Gtri,-162.65495,70.507905,OBIS, , ,836346,3928.26919613,-162.625,70.5416666667,1
Gtri,-105.8783333,69.15833333,OBIS, , ,872570,3720.72596564,-105.875,69.125,1
Gtri,-66.9342,49.6052,OBIS, , ,1253282,2809.14237018,-66.9583333333,49.625,1
Gtri,-167.4666667,63.7833333,OBIS, , ,949904,1015.75669386,-167.458333333,63.7916666667,1
Gtri,-163.5666656,69.75,OBIS, , ,857204,4747.42785771,-163.541666667,69.7916666667,1
Gtri,-124.65,70.11666667,OBIS, , ,848636,1328.60453711,-124.625,70.125,1
Gtri,-160.83155,70.578245,OBIS, , ,836368,4341.79285226,-160.791666667,70.5416666667,1
Gtri,-163.8166656,69.80000305,OBIS, , ,857201,1339.44530744,-163.791666667,69.7916666667,1
Gtri,-60.96567,47.95284,OBIS, , ,1290574,820.57900148,-60.9583333333,47.9583333333,1
Gtri,-82.15,62.95,OBIS, , ,962817,1572.45513357,-82.125,62.9583333333,1
Gtri,-61.33633,47.96342,OBIS, , ,1290569,2942.80539875,-61.375,47.9583333333,1
Gtri,-160.1166687,70.59999847,OBIS, , ,833866,2806.45186383,-160.125,70.625,1
Gtri,-160.6066,70.495775,OBIS, , ,838856,4233.3335165,-160.625,70.4583333333,1
Gtri,-64.4455,50.0007,OBIS, , ,1243778,4648.58613128,-64.4583333333,50.0416666667,1
Gtri,-62.35784,47.5435,OBIS, , ,1299850,1307.83167799,-62.375,47.5416666667,1
Gtri,-55.4,51.98,OBIS, , ,1202645,2960.37660539,-55.375,51.9583333333,1
Gtri,-62.28425,48.28575,OBIS, , ,1283166,857.763740321,-62.2916666667,48.2916666667,1
Gtri,-156.7333374,71.33000183,OBIS, , ,813227,4369.91644373,-156.708333333,71.2916666667,1
Gtri,-129.445,69.995,OBIS, , ,853034,4122.23231957,-129.458333333,69.9583333333,1
Gtri,-165.6327,70.771325,OBIS, , ,828839,2287.13120569,-165.625,70.7916666667,1
Gtri,-107.8166733,67.88999939,OBIS, , ,895366,1975.74959791,-107.791666667,67.875,1
Gtri,-55.62,54.09,OBIS, , ,1157006,3909.44770648,-55.625,54.125,1
Gtri,-79.13,52.78333333,OBIS, , ,1185436,986.800708826,-79.125,52.7916666667,1
Gtri,-78.9,72.425,OBIS, , ,774651,3813.84597916,-78.875,72.4583333333,1
Gtri,-62.349,59.163,OBIS, , ,1035410,4487.05884363,-62.375,59.125,1
Gtri,-62.04775,47.908,OBIS, , ,1292392,3697.30485953,-62.0416666667,47.875,1
Gtri,-63.2025,46.59333,OBIS, , ,1320944,3548.78866185,-63.2083333333,46.625,1
Gtri,-59.96225,46.659,OBIS, , ,1320976,3791.44822067,-59.9583333333,46.625,1
Gtri,-138.6333333,69.63333333,OBIS, , ,861410,984.442811622,-138.625,69.625,1
Gtri,-55.81,46.72,OBIS, , ,1319087,1909.71353025,-55.7916666667,46.7083333333,1
Gtri,-54.12,45.98,OBIS, , ,1336890,2439.246505,-54.125,45.9583333333,1
Gtri,-130.9333344,71.27999878,OBIS, , ,813536,1580.16723631,-130.958333333,71.2916666667,1
Gtri,-62.7,67.05,OBIS, , ,907000,997.663754587,-62.7083333333,67.0416666667,1
Gtri,-64.14166667,63.21666667,OBIS, , ,959105,1251.29072993,-64.125,63.2083333333,1
Gtri,-138.7233333,69.38,OBIS, , ,867180,811.80479884,-138.708333333,69.375,1
Gtri,-65.57434,47.85775,OBIS, , ,1292350,3107.16874685,-65.5416666667,47.875,1
Gtri,-62.794,59.56,OBIS, , ,1025679,2046.67659468,-62.7916666667,59.5416666667,1
Gtri,-167.49825,68.12776,OBIS, , ,891147,1688.56536611,-167.458333333,68.125,1
Gtri,-107.75,68.055,OBIS, , ,892664,2288.11951368,-107.708333333,68.0416666667,1
Gtri,-48.4,47.51,OBIS, , ,1300009,3992.49284624,-48.375,47.5416666667,1
Gtri,-78.875,56.2,OBIS, , ,1107090,927.879451561,-78.875,56.2083333333,1
Gtri,-166.9406,68.30091,OBIS, , ,888234,1264.51192009,-166.958333333,68.2916666667,1
Gtri,-94.35500336,74.62999725,OBIS, , ,689446,813.329384445,-94.375,74.625,1
Gtri,-72.633333,63.966667,OBIS, , ,947728,1014.77306709,-72.625,63.9583333333,1
Gtri,-56.6667,73.9167,OBIS, , ,718012,4821.35292642,-56.7083333333,73.9583333333,1
Gtri,-138.1333333,70.01666667,OBIS, , ,850721,2807.10415255,-138.125,70.0416666667,1
Gtri,-60.51,49.92,OBIS, , ,1245738,4831.87462713,-60.5416666667,49.9583333333,1
Gtri,-61.46267,48.122,OBIS, , ,1286878,464.228278424,-61.4583333333,48.125,1
Gtri,-60.7132,50.1187,OBIS, , ,1241909,782.426446243,-60.7083333333,50.125,1
Gtri,-65.633333,62.716667,OBIS, , ,966892,1022.0446812,-65.625,62.7083333333,1
Gtri,-130.3266602,69.77999878,OBIS, , ,857356,1875.30845448,-130.291666667,69.7916666667,1
Gtri,-166.8833313,69.27999878,OBIS, , ,868946,1342.52398463,-166.875,69.2916666667,1
Gtri,-61.86008,46.94492,OBIS, , ,1313243,1874.44640855,-61.875,46.9583333333,1
Gtri,-63.05825,47.76234,OBIS, , ,1294226,3489.55018238,-63.0416666667,47.7916666667,1
Gtri,-84.0,76.0,OBIS, , ,636781,4785.06202303,-83.9583333333,76.0416666667,1
Gtri,-58.94,48.31,OBIS, , ,1283206,2450.69514393,-58.9583333333,48.2916666667,1
Gtri,-137.055,69.64833333,OBIS, , ,861429,2654.0477423,-137.041666667,69.625,1
Gtri,-61.03,50.05,OBIS, , ,1243819,1247.99556882,-61.0416666667,50.0416666667,1
Gtri,-131.1866667,69.89666667,OBIS, , ,855190,2556.29617276,-131.208333333,69.875,1
Gtri,-166.42675,71.26343,OBIS, , ,813110,3347.75260127,-166.458333333,71.2916666667,1
Gtri,-52.93,47.71,OBIS, , ,1296156,2134.30117859,-52.9583333333,47.7083333333,1
Gtri,-69.38,48.09,OBIS, , ,1286819,3909.506664,-69.375,48.125,1
Gtri,-59.53,56.33,OBIS, , ,1105137,4328.96359258,-59.5416666667,56.2916666667,1
Gtri,-56.12,47.37,OBIS, , ,1303727,672.025215765,-56.125,47.375,1
Gtri,-64.965,48.0705,OBIS, , ,1288687,3244.30739784,-64.9583333333,48.0416666667,1
Gtri,-73.058,72.291,OBIS, , ,780467,559.714019419,-73.0416666667,72.2916666667,1
Gtri,-78.0,72.68000031,OBIS, , ,765899,3451.43767868,-77.9583333333,72.7083333333,1
Gtri,-60.7678,49.659,OBIS, , ,1253345,4155.91995375,-60.7916666667,49.625,1
Gtri,-57.374,50.7995,OBIS, , ,1227276,874.261788573,-57.375,50.7916666667,1
Gtri,-60.4093,49.7477,OBIS, , ,1251451,5028.63147981,-60.375,49.7083333333,1
Gtri,-64.3048,50.1452,OBIS, , ,1241866,2435.18369403,-64.2916666667,50.125,1
Gtri,-147.558333,70.528333,OBIS, , ,836466,1611.68279243,-147.541666667,70.5416666667,1
Gtri,-113.6666565,72.62999725,OBIS, , ,768664,1496.60070115,-113.625,72.625,1
Gtri,-71.5,61.666667,OBIS, , ,982907,5140.52551271,-71.4583333333,61.7083333333,1
Gtri,-61.3573,49.4647,OBIS, , ,1257117,1465.54519369,-61.375,49.4583333333,1
Gtri,-107.908333,67.696667,OBIS, , ,897919,1920.03609539,-107.875,67.7083333333,1
Gtri,-63.05,50.05,OBIS, , ,1243795,1102.47858153,-63.0416666667,50.0416666667,1
Gtri,-159.3866,70.892985,OBIS, , ,826367,2050.97718762,-159.375,70.875,1
Gtri,-55.07,47.56,OBIS, , ,1299937,2950.09810704,-55.0416666667,47.5416666667,1
Gtri,-128.0333333,70.35,OBIS, , ,841603,2806.63712212,-128.041666667,70.375,1
Gtri,-53.83,46.85,OBIS, , ,1315259,4033.31335015,-53.7916666667,46.875,1
Gtri,-61.4195,49.858,OBIS, , ,1247639,3371.93538691,-61.4583333333,49.875,1
Gtri,-176.0,68.62999725,OBIS, , ,882078,1784.55662753,-175.958333333,68.625,1
Gtri,-61.76317,46.7765,OBIS, , ,1317093,2752.80159337,-61.7916666667,46.7916666667,1
Gtri,-60.08,49.62,OBIS, , ,1253354,2825.07201842,-60.0416666667,49.625,1
Gtri,-63.09959,48.4525,OBIS, , ,1279471,1988.26831748,-63.125,48.4583333333,1
Gtri,-54.5,47.0,OBIS, , ,1311399,5611.722464,-54.4583333333,47.0416666667,1
Gtri,-168.6333313,69.94999695,OBIS, , ,852791,983.155929954,-168.625,69.9583333333,1
Gtri,-137.9383333,69.10833333,OBIS, , ,872464,2022.39957078,-137.958333333,69.125,1
Gtri,-61.9032,49.4875,OBIS, , ,1257111,3834.06553545,-61.875,49.4583333333,1
Gtri,-55.56,46.44,OBIS, , ,1324954,2477.37844111,-55.5416666667,46.4583333333,1
Gtri,-53.0,48.4,OBIS, , ,1281377,4153.51673465,-52.9583333333,48.375,1
Gtri,-64.4812,49.1643,OBIS, , ,1264597,4678.24520264,-64.4583333333,49.125,1
Gtri,-64.526,61.477,OBIS, , ,987251,2241.55976329,-64.5416666667,61.4583333333,1
Gtri,-108.243333,68.656667,OBIS, , ,882259,3808.19733312,-108.208333333,68.625,1
Gtri,-53.23,46.4,OBIS, , ,1326942,3240.41619775,-53.2083333333,46.375,1
Gtri,-166.2166595,69.08000183,OBIS, , ,874131,4289.1693019,-166.208333333,69.0416666667,1
Gtri,-54.6,52.97,OBIS, , ,1182007,2123.07814148,-54.625,52.9583333333,1
Gtri,-74.26666667,78.75666667,OBIS, , ,529937,3945.41071242,-74.2916666667,78.7916666667,1
Gtri,-127.3333333,70.62833333,OBIS, , ,834205,1587.41237227,-127.291666667,70.625,1
Gtri,-66.209,59.843,OBIS, , ,1018055,3565.3121374,-66.2083333333,59.875,1
Gtri,-57.44,56.07,OBIS, , ,1111261,3355.12757631,-57.4583333333,56.0416666667,1
Gtri,-54.68,51.32,OBIS, , ,1216682,3720.25148019,-54.7083333333,51.2916666667,1
Gtri,-171.9966736,62.25,OBIS, , ,973190,5052.61372369,-171.958333333,62.2916666667,1
Gtri,-56.28,54.74,OBIS, , ,1143491,3604.34276084,-56.2916666667,54.7083333333,1
Gtri,-131.0433333,70.19833333,OBIS, , ,846297,1117.42486393,-131.041666667,70.2083333333,1
Gtri,-91.4,63.72166667,OBIS, , ,951218,1932.91314951,-91.375,63.7083333333,1
Gtri,-55.11,52.15,OBIS, , ,1199226,2965.27900661,-55.125,52.125,1
Gtri,-94.316667,72.73,OBIS, , ,765797,2556.12784637,-94.2916666667,72.7083333333,1
Gtri,-168.8500061,63.5,OBIS, , ,953611,4808.26170399,-168.875,63.5416666667,1
Gtri,-93.859,58.757,OBIS, , ,1043276,3970.94736346,-93.875,58.7916666667,1
Gtri,-54.78,46.11,OBIS, , ,1332872,1895.57091601,-54.7916666667,46.125,1
Gtri,-52.06,47.42,OBIS, , ,1301863,4480.62394171,-52.0416666667,47.4583333333,1
Gtri,-170.0169983,62.5,OBIS, , ,969186,4814.56426296,-170.041666667,62.5416666667,1
Gtri,-67.712,49.2853,OBIS, , ,1260830,756.648242818,-67.7083333333,49.2916666667,1
Gtri,-165.1666718,72.27999878,OBIS, , ,779735,1923.19179073,-165.208333333,72.2916666667,1
Gtri,-52.77,48.83,OBIS, , ,1272148,4550.25429145,-52.7916666667,48.7916666667,1
Gtri,-60.1233,49.8938,OBIS, , ,1247655,2094.63061893,-60.125,49.875,1
Gtri,-65.0,63.483333,OBIS, , ,955243,3475.74151322,-64.9583333333,63.4583333333,1
Gtri,-68.435,60.51,OBIS, , ,1004053,3753.7780578,-68.4583333333,60.5416666667,1
Gtri,-63.148,47.56008,OBIS, , ,1299841,2681.09530827,-63.125,47.5416666667,1
Gtri,-131.666667,70.266667,OBIS, , ,843944,3200.52007947,-131.708333333,70.2916666667,1
Gtri,-163.8833333,63.9841667,OBIS, , ,947514,2908.60728002,-163.875,63.9583333333,1
Gtri,-50.61,48.87,OBIS, , ,1270308,1232.88407377,-50.625,48.875,1
Gtri,-125.675,69.38166667,OBIS, , ,867255,1507.00900389,-125.708333333,69.375,1
Gtri,-58.58,49.0,OBIS, , ,1266531,5415.96700428,-58.5416666667,49.0416666667,1
Gtri,-55.43,45.77,OBIS, , ,1340912,3264.12607093,-55.4583333333,45.7916666667,1
Gtri,-162.25278,72.0363,OBIS, , ,788337,1466.7642939,-162.291666667,72.0416666667,1
Gtri,-62.82625,47.63642,OBIS, , ,1297949,2892.71286274,-62.7916666667,47.625,1
Gtri,-156.1666718,71.66000366,OBIS, , ,802317,4171.51253797,-156.208333333,71.625,1
Gtri,-68.504,60.1068,OBIS, , ,1012515,2915.20545927,-68.5416666667,60.125,1
Gtri,-60.55,49.16,OBIS, , ,1264638,3939.63978858,-60.5416666667,49.125,1
Gtri,-53.82,46.6,OBIS, , ,1321050,3526.20901098,-53.7916666667,46.625,1
Gtri,-55.75,54.55,OBIS, , ,1147385,2851.55436119,-55.7083333333,54.5416666667,1
Gtri,-50.81,48.55,OBIS, , ,1277730,1640.44491754,-50.7916666667,48.5416666667,1
Gtri,-164.6000061,68.94999695,OBIS, , ,875814,1367.08683339,-164.625,68.9583333333,1
Gtri,-168.7689972,68.05000305,OBIS, , ,892530,1326.58696752,-168.791666667,68.0416666667,1
Gtri,-128.5833333,70.18333333,OBIS, , ,846327,3203.66127497,-128.541666667,70.2083333333,1
Gtri,-62.94992,47.422,OBIS, , ,1301747,4089.06399128,-62.9583333333,47.4583333333,1
Gtri,-168.95775,67.67147,OBIS, , ,897803,4111.49554304,-168.958333333,67.7083333333,1
Gtri,-85.11666667,73.01666667,OBIS, , ,753641,2803.135083,-85.125,73.0416666667,1
Gtri,-114.7,68.76666667,OBIS, , ,879103,2808.91495901,-114.708333333,68.7916666667,1
Gtri,-165.0330048,67.02999878,OBIS, , ,906818,1354.81887788,-165.041666667,67.0416666667,1
Gtri,-55.33,46.77,OBIS, , ,1317166,3790.9038528,-55.2916666667,46.7916666667,1
Gtri,-55.93,47.03,OBIS, , ,1311387,2513.8980135,-55.9583333333,47.0416666667,1
Gtri,-166.7833405,67.5,OBIS, , ,900232,4660.61695944,-166.791666667,67.5416666667,1
Gtri,-61.20175,47.45242,OBIS, , ,1301768,823.817722297,-61.2083333333,47.4583333333,1
Gtri,-55.02,53.25,OBIS, , ,1175145,4857.22128815,-55.0416666667,53.2916666667,1
Gtri,-130.9166667,69.42666667,OBIS, , ,865380,3891.97607767,-130.958333333,69.4583333333,1
Gtri,-168.191667,61.616667,OBIS, , ,984086,1282.19004826,-168.208333333,61.625,1
Gtri,-60.32,49.56,OBIS, , ,1255240,2891.57049681,-60.2916666667,49.5416666667,1
Gtri,-77.0,72.8,OBIS, , ,762901,1660.88151329,-77.0416666667,72.7916666667,1
Gtri,-158.43775,71.06882,OBIS, , ,821150,3120.16030821,-158.458333333,71.0416666667,1
Gtri,-63.832,47.44433,OBIS, , ,1301737,3416.95987722,-63.7916666667,47.4583333333,1
Gtri,-63.53,50.1,OBIS, , ,1241875,2903.29587319,-63.5416666667,50.125,1
Gtri,-167.9166718,68.16000366,OBIS, , ,891141,4271.00874967,-167.958333333,68.125,1
Gtri,-55.68,51.78,OBIS, , ,1206050,2346.82736412,-55.7083333333,51.7916666667,1
Gtri,-130.155,70.24666667,OBIS, , ,846308,4424.21585214,-130.125,70.2083333333,1
Gtri,-164.991806,70.08999634,OBIS, , ,848335,4106.94884462,-164.958333333,70.125,1
Gtri,-131.0766667,70.35333333,OBIS, , ,841567,2750.94022555,-131.041666667,70.375,1
Gtri,-56.21,47.14,OBIS, , ,1309452,1672.38842433,-56.2083333333,47.125,1
Gtri,-56.11,51.77,OBIS, , ,1206045,2623.56842559,-56.125,51.7916666667,1
Gtri,-62.293,59.412,OBIS, , ,1029535,4122.5671102,-62.2916666667,59.375,1
Gtri,-65.0733,49.8993,OBIS, , ,1247601,3531.71371943,-65.0416666667,49.875,1
Gtri,-168.3002,63.978,OBIS, , ,947461,2231.875259,-168.291666667,63.9583333333,1
Gtri,-170.0800018,62.90000153,OBIS, , ,963945,3401.19028413,-170.041666667,62.875,1
Gtri,-63.18075,47.93742,OBIS, , ,1290547,3106.89794612,-63.2083333333,47.9583333333,1
Gtri,-64.5783,49.829,OBIS, , ,1249512,4918.85357787,-64.5416666667,49.7916666667,1
Gtri,-129.6016693,69.83999634,OBIS, , ,855204,4006.71390019,-129.625,69.875,1
Gtri,-60.69184,47.27875,OBIS, , ,1305574,1902.36649107,-60.7083333333,47.2916666667,1
Gtri,-125.433333,70.041667,OBIS, , ,850859,952.770029052,-125.458333333,70.0416666667,1
Gtri,-67.8333,60.266666,OBIS, , ,1009060,3614.59584696,-67.7916666667,60.2916666667,1
Gtri,-62.469,59.816,OBIS, , ,1019980,2776.27832258,-62.4583333333,59.7916666667,1
Gtri,-168.6433258,61.95999908,OBIS, , ,978566,979.281128089,-168.625,61.9583333333,1
Gtri,-164.6410065,70.04000092,OBIS, , ,850603,637.714302648,-164.625,70.0416666667,1
Gtri,-59.0973,48.1462,OBIS, , ,1286906,3131.68072103,-59.125,48.125,1
Gtri,-58.43,50.44,OBIS, , ,1234481,2865.08265806,-58.4583333333,50.4583333333,1
Gtri,-68.55,70.45,OBIS, , ,839525,980.458414326,-68.5416666667,70.4583333333,1
Gtri,-66.041,49.5168,OBIS, , ,1255183,2766.09120213,-66.0416666667,49.5416666667,1
Gtri,-164.8846,70.772115,OBIS, , ,828848,2209.76224703,-164.875,70.7916666667,1
Gtri,-72.8048,62.4069,OBIS, , ,972137,3619.63524705,-72.7916666667,62.375,1
Gtri,-77.93333333,63.08333333,OBIS, , ,960287,4812.79351216,-77.9583333333,63.125,1
Gtri,-61.476,59.471,OBIS, , ,1027615,1730.48824715,-61.4583333333,59.4583333333,1
Gtri,-65.7455,59.765,OBIS, , ,1019952,3631.10754576,-65.7083333333,59.7916666667,1
Gtri,-68.8,59.7,OBIS, , ,1021813,1040.19811637,-68.7916666667,59.7083333333,1
Gtri,-167.9166718,68.41000366,OBIS, , ,886734,4263.51558397,-167.958333333,68.375,1
Gtri,-64.74333333,63.31833333,OBIS, , ,957820,3451.88195214,-64.7083333333,63.2916666667,1
Gtri,-164.4833374,69.58000183,OBIS, , ,863335,4386.24374747,-164.458333333,69.5416666667,1
Gtri,-173.6670074,61.04999924,OBIS, , ,994291,2418.17918506,-173.708333333,61.0416666667,1
Gtri,-94.2,58.78333333,OBIS, , ,1043272,1045.90004486,-94.2083333333,58.7916666667,1
Gtri,-53.1,47.49,OBIS, , ,1301853,3993.33647448,-53.125,47.4583333333,1
Gtri,-52.67,48.26,OBIS, , ,1283219,4527.12679591,-52.7083333333,48.2916666667,1
Gtri,-165.5333405,67.86000061,OBIS, , ,895267,1709.20219224,-165.541666667,67.875,1
Gtri,-61.8333,56.25,OBIS, , ,1105110,5308.28593909,-61.7916666667,56.2916666667,1
Gtri,-67.5447,48.9972,OBIS, , ,1268322,4328.03513262,-67.5416666667,48.9583333333,1
Gtri,-64.429,46.93742,OBIS, , ,1313212,3223.70000981,-64.4583333333,46.9583333333,1
Gtri,-162.203,71.60585,OBIS, , ,802245,2145.02900076,-162.208333333,71.625,1
Gtri,-69.0,59.41666667,OBIS, , ,1027541,5209.24854919,-68.9583333333,59.4583333333,1
Gtri,-62.44084,47.26025,OBIS, , ,1305553,3735.16958301,-62.4583333333,47.2916666667,1
Gtri,-167.1999969,67.70999908,OBIS, , ,897824,398.916441405,-167.208333333,67.7083333333,1
Gtri,-54.35,46.2,OBIS, , ,1330885,2140.27751387,-54.375,46.2083333333,1
Gtri,-166.8019444,67.3019444,OBIS, , ,903513,1228.80518114,-166.791666667,67.2916666667,1
Gtri,-65.55,59.986,OBIS, , ,1016193,3117.32869404,-65.5416666667,59.9583333333,1
Gtri,-62.37867,46.89609,OBIS, , ,1315159,2361.17335024,-62.375,46.875,1
Gtri,-67.043717,59.32609,OBIS, , ,1031432,3836.55316356,-67.0416666667,59.2916666667,1
Gtri,-61.86983,48.27175,OBIS, , ,1283171,2247.6443193,-61.875,48.2916666667,1
Gtri,-49.29,47.76,OBIS, , ,1294335,3523.10387855,-49.2916666667,47.7916666667,1
Gtri,-56.08,46.3,OBIS, , ,1328877,3095.41170557,-56.0416666667,46.2916666667,1
Gtri,-81.105,69.619444,OBIS, , ,861799,994.350264518,-81.125,69.625,1
Gtri,-168.6649933,66.67819977,OBIS, , ,911130,3796.41655573,-168.625,66.7083333333,1
Gtri,-64.68025,47.17742,OBIS, , ,1307434,4042.36391034,-64.7083333333,47.2083333333,1
Gtri,-68.2,58.525,OBIS, , ,1049628,1918.86556976,-68.2083333333,58.5416666667,1
Gtri,-64.21,49.67,OBIS, , ,1251416,4265.24669876,-64.2083333333,49.7083333333,1
Gtri,-63.465,60.18,OBIS, , ,1010820,3178.36316877,-63.4583333333,60.2083333333,1
Gtri,-52.48,47.72,OBIS, , ,1296162,2079.86007274,-52.4583333333,47.7083333333,1
Gtri,-69.4582,61.4368,OBIS, , ,987196,2399.6103669,-69.4583333333,61.4583333333,1
Gtri,-61.73108,47.89342,OBIS, , ,1292396,2662.51361514,-61.7083333333,47.875,1
Gtri,-164.50265,70.648165,OBIS, , ,833813,2960.73480521,-164.541666667,70.625,1
Gtri,-169.0238953,64.48999786,OBIS, , ,940370,3632.13129896,-169.041666667,64.4583333333,1
Gtri,-46.75,60.7333,OBIS, , ,1001151,3593.2029771,-46.7083333333,60.7083333333,1
Gtri,-61.5812,50.0483,OBIS, , ,1243813,2926.27090924,-61.5416666667,50.0416666667,1
Gtri,-85.16666412,73.16000366,OBIS, , ,750516,4132.78868802,-85.125,73.125,1
Gtri,-65.68333333,59.2,OBIS, , ,1033408,1703.53016967,-65.7083333333,59.2083333333,1
Gtri,-129.1333333,69.76333333,OBIS, , ,857368,3177.16382054,-129.125,69.7916666667,1
Gtri,-68.1945,61.8564,OBIS, , ,980185,2196.98055997,-68.2083333333,61.875,1
Gtri,-168.3070068,67.87999725,OBIS, , ,895234,852.407888761,-168.291666667,67.875,1
Gtri,-160.14685,71.22069,OBIS, , ,815837,1586.84869378,-160.125,71.2083333333,1
Gtri,-64.06509,47.29392,OBIS, , ,1305534,1789.35314183,-64.0416666667,47.2916666667,1
Gtri,-59.16392,46.059,OBIS, , ,1334821,3575.5990209,-59.125,46.0416666667,1
Gtri,-136.7966667,69.56166667,OBIS, , ,863392,2239.63430748,-136.791666667,69.5416666667,1
Gtri,-138.2166595,69.33000183,OBIS, , ,869002,4289.00239024,-138.208333333,69.2916666667,1
Gtri,-66.383333,66.204167,OBIS, , ,917993,597.238012794,-66.375,66.2083333333,1
Gtri,-57.18,54.88,OBIS, , ,1139582,1901.95496238,-57.2083333333,54.875,1
Gtri,-80.2,63.68333333,OBIS, , ,951289,2817.13396267,-80.2083333333,63.7083333333,1
Gtri,-59.7833,53.616665,OBIS, , ,1168040,1080.30924483,-59.7916666667,53.625,1
Gtri,-62.33534,46.58034,OBIS, , ,1322917,5265.85247083,-62.375,46.5416666667,1
Gtri,-134.3666667,69.73333333,OBIS, , ,859422,2807.54249582,-134.375,69.7083333333,1
Gtri,-171.4559937,68.48999786,OBIS, , ,885213,3533.22901271,-171.458333333,68.4583333333,1
Gtri,-57.4833,50.5493,OBIS, , ,1232678,1962.84204772,-57.4583333333,50.5416666667,1
Gtri,-136.416667,70.1,OBIS, , ,848500,3206.76611167,-136.458333333,70.125,1
Gtri,-125.716667,70.11,OBIS, , ,848623,1703.10859234,-125.708333333,70.125,1
Gtri,-160.25,71.37999725,OBIS, , ,810503,1586.82229429,-160.291666667,71.375,1
Gtri,-151.0,70.55000305,OBIS, , ,836425,1807.13926488,-150.958333333,70.5416666667,1
Gtri,-167.5266724,67.33000183,OBIS, , ,903504,4323.85708166,-167.541666667,67.2916666667,1
Gtri,-69.166,48.5027,OBIS, , ,1277609,5286.6329749,-69.125,48.5416666667,1
Gtri,-55.93866,52.009245,OBIS, , ,1200930,3851.94028526,-55.9583333333,52.0416666667,1
Gtri,-69.17,48.25,OBIS, , ,1283132,5437.25154677,-69.2083333333,48.2916666667,1
Gtri,-166.7833333,67.7666667,OBIS, , ,896545,2810.42314913,-166.791666667,67.7916666667,1
Gtri,-169.8333282,66.16000366,OBIS, , ,918821,4332.86423973,-169.791666667,66.125,1
Gtri,-62.46417,47.87259,OBIS, , ,1292387,512.293921263,-62.4583333333,47.875,1
Gtri,-125.585,69.655,OBIS, , ,861514,3689.82145372,-125.625,69.625,1
Gtri,-158.57,71.5,OBIS, , ,805045,4756.09788312,-158.541666667,71.5416666667,1
Gtri,-65.88317,47.98225,OBIS, , ,1290515,2728.362267,-65.875,47.9583333333,1
Gtri,-69.7482,61.9522,OBIS, , ,978816,2200.84027766,-69.7083333333,61.9583333333,1
Gtri,-62.08625,47.69717,OBIS, , ,1296091,3162.08608294,-62.125,47.7083333333,1
Gtri,-59.76,46.43634,OBIS, , ,1324903,3449.23525155,-59.7916666667,46.4583333333,1
Gtri,-62.8692,50.1718,OBIS, , ,1239980,4084.75606869,-62.875,50.2083333333,1
Gtri,-56.32,51.64,OBIS, , ,1209529,2575.61448638,-56.2916666667,51.625,1
Gtri,-167.6333313,69.19999695,OBIS, , ,870693,986.83658964,-167.625,69.2083333333,1
Gtri,-55.6,53.86,OBIS, , ,1162562,2343.5128979,-55.625,53.875,1
Gtri,-62.026,46.66909,OBIS, , ,1319018,4524.09895029,-62.0416666667,46.7083333333,1
Gtri,-63.218,60.307,OBIS, , ,1009115,1790.06713129,-63.2083333333,60.2916666667,1
Gtri,-59.3642,49.9852,OBIS, , ,1245752,3087.14074454,-59.375,49.9583333333,1
Gtri,-167.1639099,70.05000305,OBIS, , ,850573,1750.13413933,-167.125,70.0416666667,1
Gtri,-68.5,63.71666667,OBIS, , ,951401,2259.53090649,-68.4583333333,63.7083333333,1
Gtri,-167.8860016,67.02999878,OBIS, , ,906784,1386.65583623,-167.875,67.0416666667,1
Gtri,-170.2916718,62.09000015,OBIS, , ,975876,3900.63954823,-170.291666667,62.125,1
Gtri,-54.51,52.15,OBIS, , ,1199233,3526.8873047,-54.5416666667,52.125,1
Gtri,-59.41017,45.97625,OBIS, , ,1336827,3375.92771243,-59.375,45.9583333333,1
Gtri,-168.90595,69.029805,OBIS, , ,874099,1810.86053039,-168.875,69.0416666667,1
Gtri,-168.0249939,69.5,OBIS, , ,863292,4693.56683695,-168.041666667,69.5416666667,1
Gtri,-60.893,47.77167,OBIS, , ,1294252,2600.54965969,-60.875,47.7916666667,1
Gtri,-51.84,47.23,OBIS, , ,1307575,3581.95225847,-51.875,47.2083333333,1
Gtri,-51.58,45.31,OBIS, , ,1353046,3631.9649504,-51.5416666667,45.2916666667,1
Gtri,-66.3653,60.4027,OBIS, , ,1007383,3132.31187917,-66.375,60.375,1
Gtri,-66.3,64.93333333,OBIS, , ,933868,2814.99412048,-66.2916666667,64.9583333333,1
Gtri,-142.278333,69.915,OBIS, , ,855059,4491.67301026,-142.291666667,69.875,1
Gtri,-67.506,59.633,OBIS, , ,1023726,2200.96349145,-67.5416666667,59.625,1
Gtri,-166.3999939,69.48000336,OBIS, , ,865264,2607.99357446,-166.375,69.4583333333,1
Gtri,-172.0500031,63.25,OBIS, , ,957476,4663.23257938,-172.041666667,63.2916666667,1
Gtri,-61.65,49.37,OBIS, , ,1259005,1898.86426796,-61.625,49.375,1
Gtri,-170.0666656,64.80999756,OBIS, , ,935874,2363.96600343,-170.041666667,64.7916666667,1
Gtri,-56.35,55.19,OBIS, , ,1131608,2588.41266346,-56.375,55.2083333333,1
Gtri,-123.0916667,69.82833333,OBIS, , ,857415,4287.44578624,-123.125,69.7916666667,1
Gtri,-71.122,72.067,OBIS, , ,789035,2828.75089847,-71.125,72.0416666667,1
Gtri,-166.1499939,64.16000366,OBIS, , ,945086,4087.4948688,-166.125,64.125,1
Gtri,-58.13,55.78,OBIS, , ,1117401,1336.28255916,-58.125,55.7916666667,1
Gtri,-65.5,65.166667,OBIS, , ,930722,5038.98792757,-65.4583333333,65.2083333333,1
Gtri,-53.59,46.35,OBIS, , ,1326937,3870.05444699,-53.625,46.375,1
Gtri,-153.6833344,71.58999634,OBIS, , ,802347,4003.83364502,-153.708333333,71.625,1
Gtri,-54.92,46.52,OBIS, , ,1323000,3801.28835622,-54.9583333333,46.5416666667,1
Gtri,-68.909,60.851,OBIS, , ,997768,3250.40025085,-68.875,60.875,1
Gtri,-55.08,50.81,OBIS, , ,1227295,3385.63609612,-55.0416666667,50.7916666667,1
Gtri,-129.8366667,70.43666667,OBIS, , ,839141,2809.81397681,-129.875,70.4583333333,1
Gtri,-62.62392,47.09409,OBIS, , ,1309375,3437.33431604,-62.625,47.125,1
Gtri,-168.5833282,67.16000366,OBIS, , ,905688,4301.52367382,-168.541666667,67.125,1
Gtri,-66.6433,49.9768,OBIS, , ,1245665,2437.77296567,-66.625,49.9583333333,1
Gtri,-66.123,69.694,OBIS, , ,859880,1600.87656433,-66.125,69.7083333333,1
Gtri,-51.47,47.99,OBIS, , ,1290620,3627.15730313,-51.4583333333,47.9583333333,1
Gtri,-55.55,54.38,OBIS, , ,1151265,776.524874862,-55.5416666667,54.375,1
Gtri,-168.0,66.51000214,OBIS, , ,913312,3987.66118912,-168.041666667,66.5416666667,1
Gtri,-55.02,54.45,OBIS, , ,1149334,1683.84296489,-55.0416666667,54.4583333333,1
Gtri,-167.0850067,64.23000336,OBIS, , ,943879,3099.33050279,-167.125,64.2083333333,1
Gtri,-174.3333282,71.59999847,OBIS, , ,802100,3152.08978405,-174.291666667,71.625,1
Gtri,-107.6833267,68.33000183,OBIS, , ,888320,4398.62304079,-107.708333333,68.2916666667,1
Gtri,-68.1,49.07,OBIS, , ,1266442,3642.45407101,-68.125,49.0416666667,1
Gtri,-129.6,70.916667,OBIS, , ,824133,4737.40976059,-129.625,70.9583333333,1
Gtri,-164.94765,71.993115,OBIS, , ,791101,3898.65711526,-164.958333333,71.9583333333,1
Gtri,-52.11,48.35,OBIS, , ,1281387,2993.91081489,-52.125,48.375,1
Gtri,-54.69,54.1,OBIS, , ,1157017,3029.9906841,-54.7083333333,54.125,1
Gtri,-171.6999969,63.09999847,OBIS, , ,960038,2818.34856212,-171.708333333,63.125,1
Gtri,-68.5403,59.891,OBIS, , ,1018027,1784.20676556,-68.5416666667,59.875,1
Gtri,-63.613,47.93125,OBIS, , ,1290542,3141.97731291,-63.625,47.9583333333,1
Gtri,-167.3829956,63.36000061,OBIS, , ,956235,1719.14028616,-167.375,63.375,1
Gtri,-88.983333,64.0,OBIS, , ,946369,4803.05114437,-88.9583333333,64.0416666667,1
Gtri,-151.1666718,71.12999725,OBIS, , ,818588,1604.64157223,-151.208333333,71.125,1
Gtri,-62.5325,49.879,OBIS, , ,1247626,795.030296292,-62.5416666667,49.875,1
Gtri,-63.898,49.9575,OBIS, , ,1245698,1653.04202993,-63.875,49.9583333333,1
Gtri,-167.21855,71.5075,OBIS, , ,804941,3829.44121159,-167.208333333,71.5416666667,1
Gtri,-170.9900055,66.91999817,OBIS, , ,907829,4493.91824685,-170.958333333,66.9583333333,1
Gtri,-91.19999695,62.66999817,OBIS, , ,966634,4293.9856358,-91.2083333333,62.7083333333,1
Gtri,-68.16666667,63.61666667,OBIS, , ,952672,2265.59818011,-68.2083333333,63.625,1
Gtri,-105.276667,69.046667,OBIS, , ,874273,818.443032755,-105.291666667,69.0416666667,1
Gtri,-56.64,54.91,OBIS, , ,1139589,4013.37240117,-56.625,54.875,1
Gtri,-166.5833282,71.77999878,OBIS, , ,796664,1951.72394081,-166.541666667,71.7916666667,1
Gtri,-65.20383,47.95425,OBIS, , ,1290523,565.036762955,-65.2083333333,47.9583333333,1
Gtri,-108.3333333,68.13333333,OBIS, , ,891254,1966.3870783,-108.291666667,68.125,1
Gtri,-165.0169983,66.69999695,OBIS, , ,911173,1431.91369209,-165.041666667,66.7083333333,1
Gtri,-55.38,52.36,OBIS, , ,1194077,1703.50611584,-55.375,52.375,1
Gtri,-166.7949982,69.01000214,OBIS, , ,874124,3534.66928295,-166.791666667,69.0416666667,1
Gtri,-57.25,51.28,OBIS, , ,1216659,3183.51093818,-57.2083333333,51.2916666667,1
Gtri,-139.95,69.61666667,OBIS, , ,861394,984.484102791,-139.958333333,69.625,1
Gtri,-55.13,54.7,OBIS, , ,1143505,982.052016743,-55.125,54.7083333333,1
Gtri,-62.77492,47.22342,OBIS, , ,1307457,2102.95296217,-62.7916666667,47.2083333333,1
Gtri,-79.75,53.13333333,OBIS, , ,1178553,2939.17713209,-79.7083333333,53.125,1
Gtri,-57.89,55.3,OBIS, , ,1129565,1329.88769352,-57.875,55.2916666667,1
Gtri,-53.6,48.066666,OBIS, , ,1288762,3346.65389882,-53.625,48.0416666667,1
Gtri,-76.06666667,56.11666667,OBIS, , ,1109158,1810.74663451,-76.0416666667,56.125,1
Gtri,-167.6766663,67.58000183,OBIS, , ,900221,4483.40452318,-167.708333333,67.5416666667,1
Gtri,-52.21,46.84,OBIS, , ,1315271,3892.95741937,-52.2083333333,46.875,1
Gtri,-132.4833333,70.725,OBIS, , ,831674,2075.45745607,-132.458333333,70.7083333333,1
Gtri,-60.12,56.75,OBIS, , ,1095028,4649.87609134,-60.125,56.7083333333,1
Gtri,-66.0,62.5,OBIS, , ,969524,5115.74449296,-65.9583333333,62.5416666667,1
Gtri,-167.5166626,69.94999695,OBIS, , ,852804,1334.39964825,-167.541666667,69.9583333333,1
Gtri,-50.18,47.51,OBIS, , ,1299987,4116.81815525,-50.2083333333,47.5416666667,1
Gtri,-169.1177778,63.0675,OBIS, , ,961360,2902.52609535,-169.125,63.0416666667,1
Gtri,-168.1000061,66.09999847,OBIS, , ,918841,3008.1407907,-168.125,66.125,1
Gtri,-56.79,46.96,OBIS, , ,1313302,224.549599747,-56.7916666667,46.9583333333,1
Gtri,-149.7333374,70.56999969,OBIS, , ,836440,3294.86669602,-149.708333333,70.5416666667,1
Gtri,-60.47,57.49,OBIS, , ,1076724,3595.45728814,-60.4583333333,57.4583333333,1
Gtri,-66.6683,49.5078,OBIS, , ,1255175,4752.72948603,-66.7083333333,49.5416666667,1
Gtri,-62.90375,48.17042,OBIS, , ,1285003,4726.71367982,-62.875,48.2083333333,1
Gtri,-52.84,47.97,OBIS, , ,1290603,2917.9040659,-52.875,47.9583333333,1
Gtri,-65.629,60.185,OBIS, , ,1010796,2609.14872817,-65.625,60.2083333333,1
Gtri,-61.71909,46.29275,OBIS, , ,1328816,837.551698072,-61.7083333333,46.2916666667,1
Gtri,-61.77742,48.05742,OBIS, , ,1288725,2048.5042935,-61.7916666667,48.0416666667,1
Gtri,-109.25,68.30333333,OBIS, , ,888305,2156.92971166,-109.208333333,68.2916666667,1
Gtri,-68.55,48.433333,OBIS, , ,1279456,2847.54961792,-68.5416666667,48.4583333333,1
Gtri,-61.076,48.12125,OBIS, , ,1286883,2589.82227733,-61.0416666667,48.125,1
Gtri,-127.9633333,70.56333333,OBIS, , ,836701,2424.4615926,-127.958333333,70.5416666667,1
Gtri,-58.67,49.2,OBIS, , ,1262796,2943.16289448,-58.7083333333,49.2083333333,1
Gtri,-165.9166718,67.52500153,OBIS, , ,900242,2571.70488595,-165.958333333,67.5416666667,1
Gtri,-64.17242,47.07242,OBIS, , ,1311288,4374.21210561,-64.2083333333,47.0416666667,1
Gtri,-62.5,44.883335,OBIS, , ,1363080,3420.00442694,-62.4583333333,44.875,1
Gtri,-169.552002,67.44599915,OBIS, , ,901313,1445.00915856,-169.541666667,67.4583333333,1
Gtri,-64.97,49.54,OBIS, , ,1255196,864.496956553,-64.9583333333,49.5416666667,1
Gtri,-82.16666667,69.33333333,OBIS, , ,867539,4928.9923695,-82.2083333333,69.375,1
Gtri,-77.9,62.38333333,OBIS, , ,972096,1592.5219827,-77.875,62.375,1
Gtri,-68.3132,48.7698,OBIS, , ,1272050,2901.30263635,-68.2916666667,48.7916666667,1
Gtri,-96.15000153,69.20999908,OBIS, , ,870919,1008.07884407,-96.125,69.2083333333,1
Gtri,-166.8244,71.38488,OBIS, , ,810425,1605.33250637,-166.791666667,71.375,1
Gtri,-168.845,62.955,OBIS, , ,962660,1567.11699609,-168.875,62.9583333333,1
Gtri,-160.6552,71.323525,OBIS, , ,813180,3715.33419322,-160.625,71.2916666667,1
Gtri,-61.625,59.334,OBIS, , ,1029543,4567.45114578,-61.625,59.375,1
Gtri,-59.05342,45.10525,OBIS, , ,1356997,2381.79146438,-59.0416666667,45.125,1
Gtri,-66.6308,49.7047,OBIS, , ,1251387,581.663480616,-66.625,49.7083333333,1
Gtri,-64.66666667,62.51666667,OBIS, , ,969539,3516.54261762,-64.7083333333,62.5416666667,1
Gtri,-166.8666667,64.1,OBIS, , ,945077,2816.41203518,-166.875,64.125,1
Gtri,-61.04558,47.59308,OBIS, , ,1297970,3561.12833083,-61.0416666667,47.625,1
Gtri,-169.0,65.77999878,OBIS, , ,922955,2309.1190804,-168.958333333,65.7916666667,1
Gtri,-67.1701,60.1483,OBIS, , ,1012531,3354.54935068,-67.2083333333,60.125,1
Gtri,-88.00055556,64.2,OBIS, , ,943957,2202.46363992,-88.0416666667,64.2083333333,1
Gtri,-64.41175,47.26825,OBIS, , ,1305530,3808.98138901,-64.375,47.2916666667,1
Gtri,-92.73333333,59.31666667,OBIS, , ,1031222,3128.03375826,-92.7083333333,59.2916666667,1
Gtri,-165.3833313,67.73000336,OBIS, , ,897846,2442.48995036,-165.375,67.7083333333,1
Gtri,-173.3500061,64.36000061,OBIS, , ,941457,2062.23193952,-173.375,64.375,1
Gtri,-114.9799,69.2749,OBIS, , ,869109,2055.18765491,-114.958333333,69.2916666667,1
Gtri,-79.183333,69.1,OBIS, , ,872752,2961.00382406,-79.2083333333,69.125,1
Gtri,-165.6375,71.019405,OBIS, , ,821064,2524.93427092,-165.625,71.0416666667,1
Gtri,-167.25,65.95999908,OBIS, , ,920919,1903.96987879,-167.291666667,65.9583333333,1
Gtri,-63.54917,47.21409,OBIS, , ,1307448,855.97810242,-63.5416666667,47.2083333333,1
Gtri,-61.53792,47.08584,OBIS, , ,1309388,4362.80988337,-61.5416666667,47.125,1
Gtri,-154.5174,71.68524,OBIS, , ,799581,2713.67796951,-154.541666667,71.7083333333,1
Gtri,-55.18,53.08,OBIS, , ,1180284,4669.81611408,-55.2083333333,53.0416666667,1
Gtri,-167.3840027,67.05000305,OBIS, , ,906790,1008.94072743,-167.375,67.0416666667,1
Gtri,-61.654,59.826,OBIS, , ,1019990,4156.89784148,-61.625,59.7916666667,1
Gtri,-53.16,48.76,OBIS, , ,1272144,4361.04059002,-53.125,48.7916666667,1
Gtri,-82.4556,74.5389,OBIS, , ,693054,319.336616032,-82.4583333333,74.5416666667,1
Gtri,-59.66,49.28,OBIS, , ,1260912,2857.85080434,-59.625,49.2916666667,1
Gtri,-60.12,57.31,OBIS, , ,1080818,2063.82378147,-60.125,57.2916666667,1
Gtri,-139.2666626,69.58000183,OBIS, , ,863362,4386.24374747,-139.291666667,69.5416666667,1
Gtri,-65.9192,50.1695,OBIS, , ,1239943,5144.76963568,-65.9583333333,50.2083333333,1
Gtri,-172.5850067,67.85900116,OBIS, , ,895182,2452.31484256,-172.625,67.875,1
Gtri,-60.0163,50.0875,OBIS, , ,1241917,4548.80880544,-60.0416666667,50.125,1
Gtri,-58.1253,49.8872,OBIS, , ,1247679,1357.13790671,-58.125,49.875,1
Gtri,-58.98,49.34,OBIS, , ,1259037,4198.77523209,-58.9583333333,49.375,1
Gtri,-57.690013,51.38719,OBIS, , ,1214850,1861.75853513,-57.7083333333,51.375,1
Gtri,-57.3,55.63,OBIS, , ,1121451,765.139433302,-57.2916666667,55.625,1
Gtri,-62.48842,45.94633,OBIS, , ,1336801,2687.21169996,-62.4583333333,45.9583333333,1
Gtri,-50.98,47.23,OBIS, , ,1307586,2914.72034998,-50.9583333333,47.2083333333,1
Gtri,-166.8999939,68.52999878,OBIS, , ,883736,1654.20633441,-166.875,68.5416666667,1
Gtri,-169.1846008,65.30000305,OBIS, , ,929452,1445.62225642,-169.208333333,65.2916666667,1
Gtri,-62.512,59.038,OBIS, , ,1037428,1751.42424122,-62.5416666667,59.0416666667,1
Gtri,-66.8119,68.4328,OBIS, , ,885646,2966.4809893,-66.7916666667,68.4583333333,1
Gtri,-80.010244,53.433572,OBIS, , ,1171614,3457.38136409,-80.0416666667,53.4583333333,1
Gtri,-146.588333,70.585,OBIS, , ,833973,4665.26746281,-146.625,70.625,1
Gtri,170.6333313,70.12999725,OBIS, , ,850306,640.93746627,170.625,70.125,1
Gtri,-61.989,47.10767,OBIS, , ,1309383,3021.30850641,-61.9583333333,47.125,1
Gtri,-53.82,52.64,OBIS, , ,1188911,2542.8722434,-53.7916666667,52.625,1
Gtri,-58.8978,48.8053,OBIS, , ,1272126,2259.2756837,-58.875,48.7916666667,1
Gtri,-158.8000031,70.87999725,OBIS, , ,826374,635.488253258,-158.791666667,70.875,1
Gtri,-68.55,49.0,OBIS, , ,1266437,4673.67059363,-68.5416666667,49.0416666667,1
Gtri,-61.27,49.69,OBIS, , ,1251440,2569.26415806,-61.2916666667,49.7083333333,1
Gtri,-168.7033386,69.68000031,OBIS, , ,859265,3166.69807492,-168.708333333,69.7083333333,1
Gtri,-59.29,57.51,OBIS, , ,1074685,3528.10647004,-59.2916666667,57.5416666667,1
Gtri,-65.7175,62.5675,OBIS, , ,969527,2917.60326661,-65.7083333333,62.5416666667,1
Gtri,-60.53492,47.62309,OBIS, , ,1297976,549.787856247,-60.5416666667,47.625,1
Gtri,-169.3390045,63.00999832,OBIS, , ,961357,3972.4928123,-169.375,63.0416666667,1
Gtri,-169.6000061,62.81000137,OBIS, , ,965250,2408.75326557,-169.625,62.7916666667,1
Gtri,-170.6667023,70.73000336,OBIS, , ,831261,2863.77810953,-170.708333333,70.7083333333,1
Gtri,-60.02542,46.3365,OBIS, , ,1326860,4458.53055537,-60.0416666667,46.375,1
Gtri,-149.393333,70.776667,OBIS, , ,829005,1804.05414767,-149.375,70.7916666667,1
Gtri,-52.32,46.54,OBIS, , ,1323032,2181.19399989,-52.2916666667,46.5416666667,1
Gtri,-94.575,71.76527778,OBIS, , ,797297,3166.21818252,-94.5416666667,71.7916666667,1
Gtri,-59.6943,49.6538,OBIS, , ,1253358,3359.75092914,-59.7083333333,49.625,1
Gtri,-154.41229,71.97732,OBIS, , ,791228,2479.89419823,-154.375,71.9583333333,1
Gtri,-61.91492,47.57,OBIS, , ,1299856,4353.22854591,-61.875,47.5416666667,1
Gtri,-52.88,46.37,OBIS, , ,1326946,675.948943492,-52.875,46.375,1
Gtri,-107.466667,71.816667,OBIS, , ,797201,2804.72829632,-107.458333333,71.7916666667,1
Gtri,-56.3,54.25,OBIS, , ,1153185,4669.58671924,-56.2916666667,54.2916666667,1
Gtri,-59.62459,46.16233,OBIS, , ,1332814,4149.50440087,-59.625,46.125,1
Gtri,-71.0,71.21666667,OBIS, , ,816546,1763.37296541,-70.9583333333,71.2083333333,1
Gtri,-86.0,60.0,OBIS, , ,1014182,5191.22204008,-85.9583333333,60.0416666667,1
Gtri,-161.7833405,70.52999878,OBIS, , ,836356,1338.12033178,-161.791666667,70.5416666667,1
Gtri,-165.7546997,69.97000122,OBIS, , ,852825,1921.96977005,-165.791666667,69.9583333333,1
Gtri,-61.19225,47.76467,OBIS, , ,1294248,3234.62615079,-61.2083333333,47.7916666667,1
Gtri,-168.8666687,68.52999878,OBIS, , ,883712,1345.23872469,-168.875,68.5416666667,1
Gtri,-76.7,56.95,OBIS, , ,1088952,1057.48591829,-76.7083333333,56.9583333333,1
Gtri,-59.11249924,44.15833282,OBIS, , ,1382157,3836.46452379,-59.125,44.125,1
Gtri,-171.1666718,71.0,OBIS, , ,820997,4888.9022821,-171.208333333,71.0416666667,1
Gtri,-168.5748596,68.51000214,OBIS, , ,883716,3783.52826069,-168.541666667,68.5416666667,1
Gtri,-167.7666626,68.80000305,OBIS, , ,879069,1372.65352811,-167.791666667,68.7916666667,1
Gtri,-51.0933,49.439999,OBIS, , ,1257217,3072.72364527,-51.125,49.4583333333,1
Gtri,-51.8,46.93,OBIS, , ,1313345,3213.07332618,-51.7916666667,46.9583333333,1
Gtri,-167.3666687,64.65000153,OBIS, , ,938135,2815.66989878,-167.375,64.625,1
Gtri,-72.5,62.0,OBIS, , ,977447,5130.58934146,-72.5416666667,62.0416666667,1
Gtri,-53.37,48.14,OBIS, , ,1286915,1708.91177176,-53.375,48.125,1
Gtri,-169.3333282,65.02999878,OBIS, , ,932694,2354.73694852,-169.291666667,65.0416666667,1
Gtri,-160.96,72.0,OBIS, , ,791149,4649.77316136,-160.958333333,71.9583333333,1
Gtri,-58.15234,45.64092,OBIS, , ,1344900,2770.4560389,-58.125,45.625,1
Gtri,-113.0,75.05,OBIS, , ,672872,1518.80455459,-112.958333333,75.0416666667,1
Gtri,-57.38,55.05,OBIS, , ,1135620,981.214014716,-57.375,55.0416666667,1
Gtri,-60.07,56.33,OBIS, , ,1105131,4614.49836821,-60.0416666667,56.2916666667,1
Gtri,-59.16417,44.37,OBIS, , ,1375707,3171.00710052,-59.125,44.375,1
Gtri,-166.03305,71.145135,OBIS, , ,818414,2268.01862178,-166.041666667,71.125,1
Gtri,-164.8333333,67.7666667,OBIS, , ,896569,3296.86572745,-164.791666667,67.7916666667,1
Gtri,-59.88,48.21,OBIS, , ,1285039,415.263076835,-59.875,48.2083333333,1
Gtri,177.5,72.5,OBIS, , ,773763,4855.12677167,177.541666667,72.5416666667,1
Gtri,-59.4307,49.7637,OBIS, , ,1249564,3692.84367754,-59.4583333333,49.7916666667,1
Gtri,-62.86817,46.60975,OBIS, , ,1320948,1774.13054327,-62.875,46.625,1
Gtri,-92.28055573,62.75999832,OBIS, , ,965312,3574.99711817,-92.2916666667,62.7916666667,1
Gtri,-67.116667,66.433333,OBIS, , ,914670,2812.5598656,-67.125,66.4583333333,1
Gtri,-127.05,70.19,OBIS, , ,846345,2069.49163139,-127.041666667,70.2083333333,1
Gtri,-171.6333313,69.05000305,OBIS, , ,874066,987.625930743,-171.625,69.0416666667,1
Gtri,-164.15745,71.744905,OBIS, , ,799466,4235.96880825,-164.125,71.7083333333,1
Gtri,-54.5,50.9,OBIS, , ,1225531,4041.19580924,-54.4583333333,50.875,1
Gtri,-177.8500061,65.12999725,OBIS, , ,931567,1299.03172548,-177.875,65.125,1
Gtri,175.0833282,70.52999878,OBIS, , ,838564,2024.12700062,175.041666667,70.5416666667,1
Gtri,-124.2833328,69.44999695,OBIS, , ,865403,985.632229831,-124.291666667,69.4583333333,1
Gtri,-55.1,54.05,OBIS, , ,1158882,1882.03547573,-55.125,54.0416666667,1
Gtri,-62.6,48.99,OBIS, , ,1268350,3968.83222748,-62.625,48.9583333333,1
Gtri,-86.0,73.0,OBIS, , ,753631,4844.33666643,-85.9583333333,73.0416666667,1
Gtri,-68.7252,62.2033,OBIS, , ,974842,1041.74691656,-68.7083333333,62.2083333333,1
Gtri,-164.3666687,69.26000214,OBIS, , ,868976,3547.56767301,-164.375,69.2916666667,1
Gtri,-143.443333,70.245,OBIS, , ,846148,4129.76325456,-143.458333333,70.2083333333,1
Gtri,-106.616667,69.163333,OBIS, , ,872561,4288.89384909,-106.625,69.125,1
Gtri,-69.63333333,61.03333333,OBIS, , ,994657,1032.03253386,-69.625,61.0416666667,1
Gtri,-65.506,62.06,OBIS, , ,977525,2766.88395236,-65.5416666667,62.0416666667,1
Gtri,-66.377,59.5,OBIS, , ,1027572,4643.19167863,-66.375,59.4583333333,1
Gtri,-169.5691667,64.4838889,OBIS, , ,940364,3141.21324953,-169.541666667,64.4583333333,1
Gtri,-53.51,47.84,OBIS, , ,1292435,4556.25385542,-53.5416666667,47.875,1
Gtri,-174.779007,71.38999939,OBIS, , ,810329,1733.38802052,-174.791666667,71.375,1
Gtri,-61.07309,47.27292,OBIS, , ,1305570,3161.56008079,-61.0416666667,47.2916666667,1
Gtri,-54.01,50.85,OBIS, , ,1225536,3564.45951316,-54.0416666667,50.875,1
Gtri,-49.93,45.69,OBIS, , ,1342986,3003.56816469,-49.9583333333,45.7083333333,1
Gtri,-178.0,64.0,OBIS, , ,946151,5072.05366858,-177.958333333,64.0416666667,1
Gtri,-48.17,46.53,OBIS, , ,1323081,3213.91282311,-48.2083333333,46.5416666667,1
Gtri,-61.67458,46.5595,OBIS, , ,1322925,3260.47034779,-61.7083333333,46.5416666667,1
Gtri,-60.27284,47.25242,OBIS, , ,1305579,4589.96763669,-60.2916666667,47.2916666667,1
Gtri,-65.33,49.58,OBIS, , ,1255192,5086.07880201,-65.2916666667,49.5416666667,1
Gtri,-67.96666667,60.58333333,OBIS, , ,1002465,4664.99328952,-67.9583333333,60.625,1
Gtri,-79.75,72.48333333,OBIS, , ,774641,3121.94550084,-79.7083333333,72.4583333333,1
Gtri,-168.5666656,67.94999695,OBIS, , ,893904,1400.68250174,-168.541666667,67.9583333333,1
Gtri,-61.88442,47.7695,OBIS, , ,1294240,2563.73413124,-61.875,47.7916666667,1
Gtri,-165.6000061,69.26000214,OBIS, , ,868961,3667.69510723,-165.625,69.2916666667,1
Gtri,-57.36,55.25,OBIS, , ,1129571,4735.65877191,-57.375,55.2916666667,1
Gtri,-67.8275,48.8072,OBIS, , ,1272056,3148.64473467,-67.7916666667,48.7916666667,1
Gtri,-168.1833344,68.77999878,OBIS, , ,879064,1647.39192897,-168.208333333,68.7916666667,1
Gtri,-167.43547,62.32337,OBIS, , ,973244,3727.0585687,-167.458333333,62.2916666667,1
Gtri,-164.1999969,71.19999695,OBIS, , ,815788,977.30019231,-164.208333333,71.2083333333,1
Gtri,-67.8,63.45,OBIS, , ,955233,1017.68095942,-67.7916666667,63.4583333333,1
Gtri,-53.24,49.14,OBIS, , ,1264678,2850.14889856,-53.2083333333,49.125,1
Gtri,-62.301,58.692,OBIS, , ,1045555,1898.12624029,-62.2916666667,58.7083333333,1
Gtri,-87.333333,63.566667,OBIS, , ,953763,3472.20734437,-87.2916666667,63.5416666667,1
Gtri,-51.44,47.22,OBIS, , ,1307580,1900.26923724,-51.4583333333,47.2083333333,1
Gtri,-51.95,47.95,OBIS, , ,1290614,1116.22811961,-51.9583333333,47.9583333333,1
Gtri,-178.6333313,64.44999695,OBIS, , ,940266,1012.2100732,-178.625,64.4583333333,1
Gtri,-168.1083374,64.18000031,OBIS, , ,943867,3260.69903236,-168.125,64.2083333333,1
Gtri,-60.1408,49.3548,OBIS, , ,1259023,2522.73824505,-60.125,49.375,1
Gtri,-79.65,55.916667,OBIS, , ,1113235,4895.16927519,-79.625,55.9583333333,1
Gtri,-54.85,46.99,OBIS, , ,1313317,4001.49730379,-54.875,46.9583333333,1
Gtri,-52.46,47.07,OBIS, , ,1311412,3152.41561899,-52.4583333333,47.0416666667,1
Gtri,-61.42225,47.35875,OBIS, , ,1303663,3269.91926139,-61.4583333333,47.375,1
Gtri,-66.296,49.2572,OBIS, , ,1260847,3846.16034368,-66.2916666667,49.2916666667,1
Gtri,-65.79463,69.40708,OBIS, , ,867638,3580.5539879,-65.7916666667,69.375,1
Gtri,-59.21567,44.98367,OBIS, , ,1361062,2874.56148079,-59.2083333333,44.9583333333,1
Gtri,-61.327,58.226,OBIS, , ,1057927,2860.88547817,-61.2916666667,58.2083333333,1
Gtri,-173.2400055,62.31000137,OBIS, , ,973175,2622.1300598,-173.208333333,62.2916666667,1
Gtri,-169.2833405,67.98000336,OBIS, , ,893895,2441.99355159,-169.291666667,67.9583333333,1
Gtri,-69.373,62.047,OBIS, , ,977485,603.521562014,-69.375,62.0416666667,1
Gtri,-65.574,49.7672,OBIS, , ,1249500,3581.69744778,-65.5416666667,49.7916666667,1
Gtri,-165.1199951,59.38999939,OBIS, , ,1029040,1694.99817776,-165.125,59.375,1
Gtri,-67.916667,63.733333,OBIS, , ,951405,3464.99242092,-67.9583333333,63.7083333333,1
Gtri,-163.4694444,69.58333333,OBIS, , ,861370,4668.2700737,-163.458333333,69.625,1
Gtri,-165.9333344,67.73000336,OBIS, , ,897839,2638.38654307,-165.958333333,67.7083333333,1
Gtri,-76.583333,57.116667,OBIS, , ,1084875,2689.13147073,-76.5416666667,57.125,1
Gtri,-166.5833282,67.70999908,OBIS, , ,897832,1773.95078141,-166.541666667,67.7083333333,1
Gtri,-76.533333,64.233333,OBIS, , ,944045,2816.19157737,-76.5416666667,64.2083333333,1
Gtri,-106.1833333,68.36666667,OBIS, , ,886840,1386.49859543,-106.208333333,68.375,1
Gtri,-51.66,46.33,OBIS, , ,1328930,5042.2995655,-51.625,46.2916666667,1
Gtri,-168.25,68.30000305,OBIS, , ,888219,1955.50581305,-168.208333333,68.2916666667,1
Gtri,-168.1000061,62.25999832,OBIS, , ,973236,3760.47515898,-168.125,62.2916666667,1
Gtri,-67.2013,49.2708,OBIS, , ,1260836,2376.44238332,-67.2083333333,49.2916666667,1
Gtri,-127.6466667,70.25,OBIS, , ,846338,4720.00987839,-127.625,70.2083333333,1
Gtri,-73.0584,71.8983,OBIS, , ,794614,2664.02979242,-73.0416666667,71.875,1
Gtri,-76.333333,56.433333,OBIS, , ,1101078,3788.49148601,-76.2916666667,56.4583333333,1
Gtri,-157.53,71.5,OBIS, , ,805057,4667.49133021,-157.541666667,71.5416666667,1
Gtri,-69.6803,62.4816,OBIS, , ,970835,2969.16673999,-69.7083333333,62.4583333333,1
Gtri,-66.9543,49.3417,OBIS, , ,1258953,3715.08765102,-66.9583333333,49.375,1
Gtri,-60.6213,49.3658,OBIS, , ,1259017,1057.89453615,-60.625,49.375,1
Gtri,-167.25,71.25,OBIS, , ,813100,4883.17245644,-167.291666667,71.2916666667,1
Gtri,-48.15,47.74,OBIS, , ,1296214,3989.25392826,-48.125,47.7083333333,1
Gtri,-162.7863,70.0373,OBIS, , ,850625,528.35656522,-162.791666667,70.0416666667,1
Gtri,-58.1995,50.2397,OBIS, , ,1240032,3545.50737218,-58.2083333333,50.2083333333,1
Gtri,-60.53,56.86,OBIS, , ,1090993,1815.59385125,-60.5416666667,56.875,1
Gtri,-168.2899933,65.66999817,OBIS, , ,924008,4275.17279021,-168.291666667,65.7083333333,1
Gtri,-67.88767,70.71783,OBIS, , ,832067,1158.00560662,-67.875,70.7083333333,1
Gtri,-167.3666687,67.91000366,OBIS, , ,895245,3919.76781582,-167.375,67.875,1
Gtri,-166.2292023,70.19000244,OBIS, , ,846036,2192.10913937,-166.208333333,70.2083333333,1
Gtri,-62.425,57.974998,OBIS, , ,1064199,2708.76439297,-62.4583333333,57.9583333333,1
Gtri,-94.03333333,61.11666667,OBIS, , ,992885,1031.5270892,-94.0416666667,61.125,1
Gtri,-162.0670013,64.15000153,OBIS, , ,945135,3047.94127966,-162.041666667,64.125,1
Gtri,-134.183333,70.9,OBIS, , ,826656,2935.24612631,-134.208333333,70.875,1
Gtri,-62.581,59.354,OBIS, , ,1029532,3236.66634915,-62.5416666667,59.375,1
Gtri,-92.41666667,62.15,OBIS, , ,975943,3533.64012511,-92.4583333333,62.125,1
Gtri,-170.3666687,67.83000183,OBIS, , ,896502,4290.04567798,-170.375,67.7916666667,1
Gtri,-167.0800934,71.01000214,OBIS, , ,821047,3798.40732376,-167.041666667,71.0416666667,1
Gtri,-62.8333,58.508335,OBIS, , ,1049657,4434.92165089,-62.7916666667,58.5416666667,1
Gtri,-66.1975,49.9182,OBIS, , ,1245670,4531.18331349,-66.2083333333,49.9583333333,1
Gtri,-64.862,50.1408,OBIS, , ,1241859,1988.11076444,-64.875,50.125,1
Gtri,-176.75,70.30999756,OBIS, , ,843546,2577.11627109,-176.708333333,70.2916666667,1
Gtri,-65.3897,49.8947,OBIS, , ,1247597,2432.54844723,-65.375,49.875,1
Gtri,-68.781,60.01,OBIS, , ,1014312,3577.84660248,-68.7916666667,60.0416666667,1
Gtri,-168.3000031,64.26000214,OBIS, , ,942683,3553.0426616,-168.291666667,64.2916666667,1
Gtri,-166.0670013,63.83000183,OBIS, , ,949921,4451.90589455,-166.041666667,63.7916666667,1
Gtri,-55.07,45.87,OBIS, , ,1338897,2268.94248067,-55.0416666667,45.875,1
Gtri,-61.0962,49.043,OBIS, , ,1266500,2110.77584079,-61.125,49.0416666667,1
Gtri,-176.5833282,68.05000305,OBIS, , ,892437,1971.88377702,-176.541666667,68.0416666667,1
Gtri,-62.0185,49.7198,OBIS, , ,1251431,2101.91888124,-62.0416666667,49.7083333333,1
Gtri,-83.266667,64.116667,OBIS, , ,945195,1531.81721033,-83.2916666667,64.125,1
Gtri,-103.316667,69.775,OBIS, , ,857489,2094.63371584,-103.291666667,69.7916666667,1
Gtri,-60.33858,46.5715,OBIS, , ,1322935,4335.64167846,-60.375,46.5416666667,1
Gtri,-172.6000061,63.45000076,OBIS, , ,954875,1554.73780968,-172.625,63.4583333333,1
Gtri,-51.09,47.01,OBIS, , ,1311428,4412.77666713,-51.125,47.0416666667,1
Gtri,-145.1666718,70.01000214,OBIS, , ,850640,3873.4705461,-145.208333333,70.0416666667,1
Gtri,-156.6995,71.68818,OBIS, , ,799555,2269.9924217,-156.708333333,71.7083333333,1
Gtri,-65.3433,50.2122,OBIS, , ,1239950,2303.34010976,-65.375,50.2083333333,1
Gtri,-54.39,51.47,OBIS, , ,1213090,1664.76808027,-54.375,51.4583333333,1
Gtri,-61.27125,46.89842,OBIS, , ,1315172,3033.14797733,-61.2916666667,46.875,1
Gtri,179.0,71.75,OBIS, , ,799264,4871.77386962,179.041666667,71.7916666667,1
Gtri,-62.19217,64.12733,OBIS, , ,945345,829.071806382,-62.2083333333,64.125,1
Gtri,-169.3329,60.31267,OBIS, , ,1008705,3267.07150256,-169.291666667,60.2916666667,1
Gtri,-173.0,69.0,OBIS, , ,874049,4937.29011315,-173.041666667,69.0416666667,1
Gtri,-53.0389,47.869999,OBIS, , ,1292439,593.320592392,-53.0416666667,47.875,1
Gtri,-63.8917,50.1383,OBIS, , ,1241871,1901.1345793,-63.875,50.125,1
Gtri,-119.3333333,75.23333333,OBIS, , ,666967,3032.45042133,-119.291666667,75.2083333333,1
Gtri,-55.18,46.05,OBIS, , ,1334868,2380.57491785,-55.2083333333,46.0416666667,1
Gtri,-169.4336111,63.7025,OBIS, , ,951101,1384.61147578,-169.458333333,63.7083333333,1
Gtri,-55.65,46.13,OBIS, , ,1332862,2010.47350857,-55.625,46.125,1
Gtri,-54.41,46.78,OBIS, , ,1317177,2970.64609359,-54.375,46.7916666667,1
Gtri,-55.34,53.4,OBIS, , ,1173398,3628.26429679,-55.375,53.375,1
Gtri,-54.86,51.76,OBIS, , ,1206060,3672.29151148,-54.875,51.7916666667,1
Gtri,-167.5333405,68.52999878,OBIS, , ,883728,1345.18568194,-167.541666667,68.5416666667,1
Gtri,-60.068,46.84492,OBIS, , ,1315185,3900.52776152,-60.0416666667,46.875,1
Gtri,-70.668,62.328,OBIS, , ,973488,4557.79190827,-70.7083333333,62.2916666667,1
Gtri,-60.76117,47.02758,OBIS, , ,1311329,2797.38935845,-60.7916666667,47.0416666667,1
Gtri,-164.1849976,67.51000214,OBIS, , ,900263,3669.24898395,-164.208333333,67.5416666667,1
Gtri,-163.3000031,66.68000031,OBIS, , ,911194,3181.00798259,-163.291666667,66.7083333333,1
Gtri,-61.416,64.056,OBIS, , ,946570,2562.01833683,-61.375,64.0416666667,1
Gtri,-64.9772,68.6136,OBIS, , ,882592,1485.47617567,-64.9583333333,68.625,1
Gtri,-59.2445,46.29492,OBIS, , ,1328839,2810.11593018,-59.2083333333,46.2916666667,1
Gtri,-166.1344444,67.0508333,OBIS, , ,906805,1101.87905733,-166.125,67.0416666667,1
Gtri,-61.316,58.618,OBIS, , ,1047617,1614.62981787,-61.2916666667,58.625,1
Gtri,-166.195371,65.271809,OBIS, , ,929488,2295.25298449,-166.208333333,65.2916666667,1
Gtri,-158.1416626,70.85832977,OBIS, , ,826382,1957.35465622,-158.125,70.875,1
Gtri,-54.69,54.47,OBIS, , ,1149338,1760.61956251,-54.7083333333,54.4583333333,1
Gtri,-168.6499939,65.77999878,OBIS, , ,922959,1732.6826278,-168.625,65.7916666667,1
Gtri,-51.08,45.43,OBIS, , ,1349002,4348.58436178,-51.0416666667,45.4583333333,1
Gtri,-175.7669983,64.83000183,OBIS, , ,935823,4431.74826344,-175.791666667,64.7916666667,1
Gtri,-168.0833282,64.83000183,OBIS, , ,935898,4710.04095959,-168.041666667,64.7916666667,1
Gtri,-64.284,60.729,OBIS, , ,1000940,2340.48865149,-64.2916666667,60.7083333333,1
Gtri,-65.951,60.629,OBIS, , ,1002489,599.823995134,-65.9583333333,60.625,1
Gtri,-156.8833313,71.48000336,OBIS, , ,807817,2435.94941024,-156.875,71.4583333333,1
Gtri,-59.0868,48.9775,OBIS, , ,1268392,3516.57457311,-59.125,48.9583333333,1
Gtri,-124.045,70.16666667,OBIS, , ,848643,4650.21282422,-124.041666667,70.125,1
Gtri,-174.9333344,71.20999908,OBIS, , ,815659,918.111911123,-174.958333333,71.2083333333,1
Gtri,-59.55092,46.67458,OBIS, , ,1319042,3818.36063369,-59.5416666667,46.7083333333,1
Gtri,-68.35,60.23333333,OBIS, , ,1010763,3111.04467326,-68.375,60.2083333333,1
Gtri,-166.3666687,66.70999908,OBIS, , ,911157,412.000717812,-166.375,66.7083333333,1
Gtri,-158.97,71.49,OBIS, , ,807792,3557.52835153,-158.958333333,71.4583333333,1
Gtri,-63.0715,47.21059,OBIS, , ,1307454,2274.00325636,-63.0416666667,47.2083333333,1
Gtri,-58.99,55.35,OBIS, , ,1127512,3432.09159148,-58.9583333333,55.375,1
Gtri,-48.51,45.88,OBIS, , ,1338975,2520.44486122,-48.5416666667,45.875,1
Gtri,-172.0833282,67.69999695,OBIS, , ,897766,1994.53837406,-172.041666667,67.7083333333,1
Gtri,177.951004,69.81099701,OBIS, , ,859105,2174.91434237,177.958333333,69.7916666667,1
Gtri,-78.336,56.0,OBIS, , ,1111191,5238.07082595,-78.375,56.0416666667,1
Gtri,-171.5666962,71.51000214,OBIS, , ,804889,3642.44352736,-171.541666667,71.5416666667,1
Gtri,-146.658333,60.341667,OBIS, , ,1007120,4144.64573096,-146.625,60.375,1
Gtri,-168.9166718,71.33000183,OBIS, , ,813080,4529.64321202,-168.958333333,71.2916666667,1
Gtri,-69.3282,48.3708,OBIS, , ,1281284,2746.60552523,-69.2916666667,48.375,1
Gtri,-51.82,48.5,OBIS, , ,1277718,5084.1578297,-51.7916666667,48.5416666667,1
Gtri,-168.0833282,71.19999695,OBIS, , ,815742,1763.93887081,-168.041666667,71.2083333333,1
Gtri,-56.28,46.54,OBIS, , ,1322984,913.869929922,-56.2916666667,46.5416666667,1
Gtri,-164.8666687,69.05000305,OBIS, , ,874147,987.625930743,-164.875,69.0416666667,1
Gtri,-58.59,55.83,OBIS, , ,1117395,4799.0599695,-58.625,55.7916666667,1
Gtri,-166.5,68.26000214,OBIS, , ,888240,3929.187563,-166.458333333,68.2916666667,1
Gtri,-54.34,52.28,OBIS, , ,1195812,2718.39823679,-54.375,52.2916666667,1
Gtri,-57.8,56.18,OBIS, , ,1107177,3196.92018219,-57.7916666667,56.2083333333,1
Gtri,-62.098,63.633,OBIS, , ,952711,1608.48719598,-62.125,63.625,1
Gtri,-175.5833282,67.83000183,OBIS, , ,896440,4622.40362077,-175.541666667,67.7916666667,1
Gtri,-52.8,48.63,OBIS, , ,1275858,828.561041202,-52.7916666667,48.625,1
Gtri,-55.79,54.23,OBIS, , ,1155116,2414.14600999,-55.7916666667,54.2083333333,1
Gtri,-58.3025,44.4005,OBIS, , ,1375717,2962.1254284,-58.2916666667,44.375,1
Gtri,-164.5333405,67.73000336,OBIS, , ,897856,2442.45858852,-164.541666667,67.7083333333,1
Gtri,-171.0,68.0,OBIS, , ,892504,4962.73853939,-170.958333333,68.0416666667,1
Gtri,-54.77,54.84,OBIS, , ,1139611,4137.23955165,-54.7916666667,54.875,1
Gtri,-168.6329956,68.98999786,OBIS, , ,875766,3546.63063852,-168.625,68.9583333333,1
Gtri,-64.25,62.53888889,OBIS, , ,969545,2166.73302602,-64.2083333333,62.5416666667,1
Gtri,-167.6000061,64.76000214,OBIS, , ,935903,3725.09663527,-167.625,64.7916666667,1
Gtri,-168.4833374,71.41000366,OBIS, , ,810405,4005.98255928,-168.458333333,71.375,1
Gtri,-49.98,46.39,OBIS, , ,1326981,2357.600544,-49.9583333333,46.375,1
Gtri,-179.6166687,64.15000153,OBIS, , ,944924,2816.52376405,-179.625,64.125,1
Gtri,-90.0,74.0,OBIS, , ,714120,4823.51804392,-89.9583333333,74.0416666667,1
Gtri,-56.0,72.5833,OBIS, , ,772016,4850.65553598,-55.9583333333,72.5416666667,1
Gtri,-60.39,57.25,OBIS, , ,1080815,4727.61662527,-60.375,57.2916666667,1
Gtri,-55.37,50.98,OBIS, , ,1223750,2435.8208091,-55.375,50.9583333333,1
Gtri,-59.66833,45.82775,OBIS, , ,1340861,5074.74728931,-59.7083333333,45.7916666667,1
Gtri,-59.2515,49.4535,OBIS, , ,1257142,2961.346176,-59.2916666667,49.4583333333,1
Gtri,-61.957,64.334,OBIS, , ,941752,4571.24886335,-61.9583333333,64.375,1
Gtri,-54.91,52.28,OBIS, , ,1195806,2718.39823679,-54.875,52.2916666667,1
Gtri,-62.803,49.7312,OBIS, , ,1251422,2671.39851729,-62.7916666667,49.7083333333,1
Gtri,-51.91,46.73,OBIS, , ,1319132,3600.21964385,-51.875,46.7083333333,1
Gtri,-60.85342,47.47134,OBIS, , ,1301772,2176.75779679,-60.875,47.4583333333,1
Gtri,-54.02,46.3,OBIS, , ,1328901,1909.17764931,-54.0416666667,46.2916666667,1
Gtri,-48.55,47.7,OBIS, , ,1296209,1117.86810127,-48.5416666667,47.7083333333,1
Gtri,-151.5500031,71.26999664,OBIS, , ,813289,2436.2768551,-151.541666667,71.2916666667,1
Gtri,-55.58,47.21,OBIS, , ,1307544,2909.98753396,-55.5416666667,47.2083333333,1
Gtri,-52.64,46.68,OBIS, , ,1319123,3352.13424658,-52.625,46.7083333333,1
Gtri,-61.8667,57.708332,OBIS, , ,1070512,494.787136957,-61.875,57.7083333333,1
Gtri,-168.12582,61.98527,OBIS, , ,978572,3002.26794895,-168.125,61.9583333333,1
Gtri,-61.868,58.872,OBIS, , ,1041481,524.148226037,-61.875,58.875,1
Gtri,-173.628006,67.39520264,OBIS, , ,902347,2256.83670461,-173.625,67.375,1
Gtri,-147.1166687,70.51000214,OBIS, , ,836471,3546.35205912,-147.125,70.5416666667,1
Gtri,-63.52859,46.72025,OBIS, , ,1319000,1659.69210995,-63.5416666667,46.7083333333,1
Gtri,-174.0,71.30999756,OBIS, , ,813020,2531.40294581,-173.958333333,71.2916666667,1
Gtri,-61.7027,49.7598,OBIS, , ,1249537,3567.51205593,-61.7083333333,49.7916666667,1
Gtri,-61.135,58.369,OBIS, , ,1053787,888.296956798,-61.125,58.375,1
Gtri,-56.15,46.87,OBIS, , ,1315232,1985.31736114,-56.125,46.875,1
Gtri,-63.65917,46.979,OBIS, , ,1313222,3469.93104705,-63.625,46.9583333333,1
Gtri,-47.72,47.5,OBIS, , ,1300017,4715.13354354,-47.7083333333,47.5416666667,1
Gtri,-84.771781,59.400064,OBIS, , ,1029372,3012.19019606,-84.7916666667,59.375,1
Gtri,-64.64067,47.47858,OBIS, , ,1301727,2542.1790288,-64.625,47.4583333333,1
Gtri,-128.8416667,70.6945,OBIS, , ,831717,1973.57283843,-128.875,70.7083333333,1
Gtri,-162.1000061,57.75,OBIS, , ,1067927,4873.10898072,-162.125,57.7916666667,1
Gtri,-61.22958,47.12059,OBIS, , ,1309392,1685.12775577,-61.2083333333,47.125,1
Gtri,-160.41,71.5,OBIS, , ,805023,4811.37144408,-160.375,71.5416666667,1
Gtri,-59.42,53.83,GBIF, , ,1164385,4957.79556709,-59.4583333333,53.7916666667,1
Gtri,-61.97,56.62,GBIF, , ,1097037,907.133032702,-61.9583333333,56.625,1
Gtri,-55.67,52.25,GBIF, , ,1195796,5323.82421204,-55.7083333333,52.2916666667,1
Gtri,-62.9267,58.1433,GBIF, , ,1059991,2761.76899077,-62.9583333333,58.125,1
Gtri,-57.07,53.9,GBIF, , ,1162545,3348.64563985,-57.0416666667,53.875,1
Gtri,-59.97,53.4833,GBIF, , ,1171631,2884.64689256,-59.9583333333,53.4583333333,1
Gtri,-58.0,54.92,GBIF, , ,1137602,5034.05200002,-57.9583333333,54.9583333333,1
Gtri,-63.85,59.4,GBIF, , ,1029516,3126.48045258,-63.875,59.375,1
Gtri,-58.33,54.13,GBIF, , ,1156979,2567.10374185,-58.2916666667,54.125,1
Gtri,-57.2,54.47,GBIF, , ,1149308,1406.59601312,-57.2083333333,54.4583333333,1
Gtri,-62.57,58.1844,GBIF, , ,1057912,3143.63722931,-62.5416666667,58.2083333333,1
Gtri,-168.4958,70.4939,GBIF, , ,838762,4207.17530999,-168.458333333,70.4583333333,1
Gtri,-53.665033,66.943638,GBIF, , ,908199,2397.3777446,-53.625,66.9583333333,1
Gtri,-59.172347,55.111621,GBIF, , ,1133593,2736.89924999,-59.2083333333,55.125,1
Gtri,-60.329431,55.758941,GBIF, , ,1117375,4346.50815989,-60.2916666667,55.7916666667,1
Gtri,-53.527897,69.24605,GBIF, , ,871283,4242.55510575,-53.5416666667,69.2083333333,1
Gtri,-168.766667,68.3,GBIF, , ,888212,1389.0008748,-168.791666667,68.2916666667,1
Gtri,-150.02,70.72,GBIF, , ,831463,1527.32413572,-150.041666667,70.7083333333,1
Gtri,-155.85,71.566667,GBIF, , ,805077,2926.04605395,-155.875,71.5416666667,1
Gtri,-167.166667,66.266667,GBIF, , ,916652,3357.48951867,-167.208333333,66.2916666667,1
Gtri,-151.63203,70.80955,GBIF, , ,828978,2011.90638707,-151.625,70.7916666667,1
Gtri,-153.11688,71.24567,GBIF, , ,815913,4176.12361403,-153.125,71.2083333333,1
Gtri,-154.01365,71.22212,GBIF, , ,815902,1838.74746082,-154.041666667,71.2083333333,1
Gtri,-155.03662,71.59332,GBIF, , ,802331,3539.37536215,-155.041666667,71.625,1
Gtri,-153.0,71.0,GBIF, , ,821214,4888.95996713,-152.958333333,71.0416666667,1
Gtri,-149.57217,70.96015,GBIF, , ,823894,1129.45272689,-149.541666667,70.9583333333,1
Gtri,-149.19737,70.65477,GBIF, , ,833942,3346.13551987,-149.208333333,70.625,1
Gtri,-170.366667,67.333333,GBIF, , ,903470,4660.72065258,-170.375,67.2916666667,1
Gtri,-141.0787,70.03978,GBIF, , ,850686,1427.02313444,-141.041666667,70.0416666667,1
Gtri,-141.1412,69.71996,GBIF, , ,859341,1440.68825873,-141.125,69.7083333333,1
Gtri,-146.0956,70.67549,GBIF, , ,831510,3821.71794443,-146.125,70.7083333333,1
Gtri,-137.2199,69.8775,GBIF, , ,855120,524.591526735,-137.208333333,69.875,1
Gtri,-146.05867,70.33068,GBIF, , ,843772,4399.30305472,-146.041666667,70.2916666667,1
Gtri,-140.3967,70.15617,GBIF, , ,848453,3573.52024456,-140.375,70.125,1
Gtri,-142.2571,70.12183,GBIF, , ,848430,1358.99604401,-142.291666667,70.125,1
Gtri,-138.1696,69.74244,GBIF, , ,859376,4089.35155645,-138.208333333,69.7083333333,1
Gtri,-137.6565,69.46464,GBIF, , ,865324,1420.34437318,-137.625,69.4583333333,1
Gtri,-150.1,71.2442,GBIF, , ,815949,4101.49227382,-150.125,71.2083333333,1
Gtri,-169.965,62.731667,GBIF, , ,966557,2622.97195355,-169.958333333,62.7083333333,1
Gtri,-167.5,62.0,GBIF, , ,977245,5130.58934146,-167.541666667,62.0416666667,1
Gtri,-166.033333,69.483333,GBIF, , ,865268,2807.8670257,-166.041666667,69.4583333333,1
Gtri,31.883333,74.6,GBIF, , ,690462,2801.26603947,31.875,74.625,1
Gtri,24.616667,76.366667,GBIF, , ,624895,955.718896207,24.625,76.375,1
Gtri,-59.560547,56.576411,GBIF, , ,1099083,4039.27783019,-59.5416666667,56.5416666667,1
Gtri,-175.936683,71.069917,GBIF, , ,820940,3248.26164902,-175.958333333,71.0416666667,1
Gtri,-178.37875,70.686167,GBIF, , ,831169,2476.98339108,-178.375,70.7083333333,1
Gtri,-167.0504,64.50297,GBIF, , ,939264,4334.44488556,-167.041666667,64.5416666667,1
Gtri,-165.5517,69.02333,GBIF, , ,874139,2084.35323937,-165.541666667,69.0416666667,1
Gtri,-164.0667,69.86667,GBIF, , ,855040,1337.44176624,-164.041666667,69.875,1
Gtri,-165.5667,70.16666,GBIF, , ,848328,4743.69758789,-165.541666667,70.125,1
Gtri,-166.0167,68.01667,GBIF, , ,892563,2976.67772405,-166.041666667,68.0416666667,1
Gtri,-163.0667,69.76667,GBIF, , ,857210,2951.1995677,-163.041666667,69.7916666667,1
Gtri,-166.3833,68.83334,GBIF, , ,877453,4659.06406158,-166.375,68.875,1
Gtri,-165.55,69.66666,GBIF, , ,861345,4658.7394614,-165.541666667,69.625,1
Gtri,-52.86392,68.722897,GBIF, , ,881171,1685.42675569,-52.875,68.7083333333,1
Gtri,-61.137102,56.607686,GBIF, , ,1097047,2066.18601851,-61.125,56.625,1
Gtri,-172.0,67.0,GBIF, , ,906734,4988.98400545,-172.041666667,67.0416666667,1
Gtri,-174.619567,69.6968,GBIF, , ,859194,1303.73136561,-174.625,69.7083333333,1
Gtri,23.30883,70.73467,GBIF, , ,832829,3005.75303922,23.2916666667,70.7083333333,1
Gtri,175.76,64.83,GBIF, , ,936849,4530.83947684,175.791666667,64.7916666667,1
Gtri,-62.7,65.45,DFO Arctic database, , ,927466,1006.31954049,-62.7083333333,65.4583333333,1
Gtri,-130.4833333,69.58333333,DFO Arctic database, , ,861494,4748.90185596,-130.458333333,69.625,1
Gtri,-81.33333333,67.31666667,DFO Arctic database, , ,903584,3315.8655037,-81.2916666667,67.2916666667,1
Gtri,-77.42513333,55.49648611,DFO Arctic database, , ,1125459,4738.08941464,-77.4583333333,55.4583333333,1
Gtri,-136.45,72.0,DFO Arctic database, , ,788647,4658.2995085,-136.458333333,72.0416666667,1
Gtri,-62.33333333,66.33333333,DFO Arctic database, , ,915788,5006.90203154,-62.2916666667,66.375,1
 ,0.0,0.0, , , ,864951,1757.89511783,66.2916666667,69.5416666667,1
 ,0.0,0.0, , , ,877196,4188.37388493,67.7916666667,68.9583333333,1
