Sps,lon,lat,Lon_dd,Lat_dd,NEAR_FID,NEAR_DIST,NEAR_X,NEAR_Y,RASTERVALU
Mqua,18.81983,59.57717, , ,1026513,4263.74771667,18.7916666667,59.5416666667,2
Mqua,20.315131,63.661525, , ,953448,4234.28813994,20.2916666667,63.625,2
Mqua,-139.170167,69.625667, , ,861403,1485.43721803,-139.208333333,69.625,2
Mqua,-132.847328,69.444886, , ,865377,1851.02840966,-132.875,69.4583333333,2
Mqua,-133.3519,69.786, , ,857322,1092.50610729,-133.375,69.7916666667,2
Mqua,-137.116667,69.543333, , ,863388,374.556836368,-137.125,69.5416666667,2
Mqua,-133.4784,69.644, , ,861472,2258.44263247,-133.458333333,69.625,2
Mqua,-136.15,69.568333, , ,863400,3130.50021734,-136.125,69.5416666667,2
Mqua,-79.0,53.833333, , ,1162531,5387.52752804,-78.9583333333,53.875,2
Mqua,-104.983333,69.05, , ,874277,1363.98065986,-104.958333333,69.0416666667,2
Mqua,-80.233333,51.433333, , ,1213041,3279.83385708,-80.2083333333,51.4583333333,2
Mqua,-78.433333,52.25, , ,1195793,4940.46902277,-78.4583333333,52.2916666667,2
Mqua,-106.583333,69.333333, , ,867338,4929.02276535,-106.541666667,69.375,2
Mqua,-136.8,69.565, , ,863392,2623.19441321,-136.791666667,69.5416666667,2
Mqua,-133.836,69.816, , ,857316,3103.05321228,-133.875,69.7916666667,2
Mqua,-102.0,68.333333, , ,886888,4954.19986361,-101.958333333,68.375,2
Mqua,-78.833333,52.991667, , ,1181991,4647.05681448,-78.7916666667,52.9583333333,2
Mqua,-81.183333,68.75, , ,879324,4756.3723967,-81.2083333333,68.7916666667,2
Mqua,-78.966667,52.941667, , ,1181989,1937.45789773,-78.9583333333,52.9583333333,2
Mqua,-133.158333,69.513333, , ,863435,3418.31459361,-133.125,69.5416666667,2
Mqua,-128.8,69.833333, , ,857372,4659.35734872,-128.791666667,69.7916666667,2
Mqua,-132.72,69.673333, , ,859442,3930.65726814,-132.708333333,69.7083333333,2
Mqua,-137.561667,69.453333, , ,865325,961.882472791,-137.541666667,69.4583333333,2
Mqua,-79.133333,53.9, , ,1162529,2836.00449561,-79.125,53.875,2
Mqua,-138.996667,69.526667, , ,863366,2244.84287336,-138.958333333,69.5416666667,2
Mqua,-134.593333,69.876667, , ,855151,1230.57826303,-134.625,69.875,2
Mqua,-133.0,69.608333, , ,861478,2466.25891227,-132.958333333,69.625,2
Mqua,-134.166667,69.633333, , ,861463,1867.19023223,-134.208333333,69.625,2
Mqua,-90.65,63.65, , ,952461,3049.85615309,-90.625,63.625,2
Mqua,-133.033333,69.468333, , ,865375,1162.28708451,-133.041666667,69.4583333333,2
Mqua,-134.403333,69.78, , ,857310,1699.61508799,-134.375,69.7916666667,2
Mqua,-93.633333,68.8, , ,879260,988.584317966,-93.625,68.7916666667,2
Mqua,-130.916667,69.45, , ,865380,1878.74676727,-130.958333333,69.4583333333,2
Mqua,-134.605,69.968333, , ,852973,1352.71986652,-134.625,69.9583333333,2
Mqua,-135.94,69.616667, , ,861442,1171.42513089,-135.958333333,69.625,2
Mqua,-132.516667,69.85, , ,855176,2949.90861408,-132.541666667,69.875,2
Mqua,-133.3,69.383333, , ,867242,985.639688752,-133.291666667,69.375,2
Mqua,-134.5,69.483333, , ,865361,3230.95157151,-134.541666667,69.4583333333,2
Mqua,-78.966667,51.533333, , ,1211281,1092.71298721,-78.9583333333,51.5416666667,2
Mqua,-133.883333,69.516667, , ,863426,2807.77981241,-133.875,69.5416666667,2
Mqua,-80.783333,51.85, , ,1204315,2840.24338277,-80.7916666667,51.875,2
Mqua,-134.116667,69.533333, , ,863423,984.924568796,-134.125,69.5416666667,2
Mqua,-130.466667,70.133333, , ,848572,981.982791374,-130.458333333,70.125,2
Mqua,-78.336,56.0, , ,1111191,5238.07082595,-78.375,56.0416666667,2
Mqua,-132.2,69.7, , ,859448,984.076347068,-132.208333333,69.7083333333,2
Mqua,-133.583333,69.55, , ,863430,1872.70179692,-133.541666667,69.5416666667,2
Mqua,-64.833333,60.416667, , ,1005732,5178.39391828,-64.7916666667,60.4583333333,2
Mqua,-130.363333,69.796667, , ,857355,716.659678229,-130.375,69.7916666667,2
Mqua,-131.206667,69.853333, , ,855190,2418.02540902,-131.208333333,69.875,2
Mqua,-79.1,51.716667, , ,1207768,1960.98687953,-79.125,51.7083333333,2
Mqua,-131.683333,69.85, , ,855186,2949.91696167,-131.708333333,69.875,2
Mqua,-132.499444,69.741667, , ,859445,4044.52880014,-132.458333333,69.7083333333,2
Mqua,-130.966667,70.033333, , ,850807,982.495364341,-130.958333333,70.0416666667,2
Mqua,-140.155556,69.608333, , ,861392,2206.57614949,-140.125,69.625,2
Mqua,-79.033333,51.916667, , ,1202633,4671.34605487,-79.0416666667,51.9583333333,2
Mqua,-135.583333,69.725, , ,859408,2461.24737708,-135.541666667,69.7083333333,2
Mqua,-79.333333,51.95, , ,1202630,3010.81360116,-79.2916666667,51.9583333333,2
Mqua,-128.933333,69.716667, , ,859472,1342.0096912,-128.958333333,69.7083333333,2
Mqua,-133.408333,69.891667, , ,855166,2257.35534234,-133.375,69.875,2
Mqua,-135.501667,69.653333, , ,861447,3522.03886582,-135.541666667,69.625,2
Mqua,-133.683333,69.698333, , ,859430,1477.18774255,-133.708333333,69.7083333333,2
Mqua,-135.233333,69.666667, , ,859412,4748.12877062,-135.208333333,69.7083333333,2
Mqua,-133.45,69.51, , ,863431,3547.56460017,-133.458333333,69.5416666667,2
Mqua,-135.533333,69.553889, , ,863407,1401.70398197,-135.541666667,69.5416666667,2
Mqua,-133.875,69.616667, , ,861467,929.606097144,-133.875,69.625,2
Mqua,-133.186667,69.63, , ,861475,1010.08775564,-133.208333333,69.625,2
Mqua,-137.055,69.648333, , ,861429,2654.01163711,-137.041666667,69.625,2
Mqua,-80.45,51.333333, , ,1216631,4671.8301852,-80.4583333333,51.2916666667,2
Mqua,-136.623333,69.661667, , ,861434,4090.99056175,-136.625,69.625,2
Mqua,-136.716667,68.916667, , ,875832,4659.82124608,-136.708333333,68.9583333333,2
Mqua,-139.583889,69.56, , ,863358,2598.93200912,-139.625,69.5416666667,2
Mqua,-132.216667,69.7625, , ,857336,3269.66733441,-132.208333333,69.7916666667,2
Mqua,-137.3,68.966667, , ,875825,987.785430691,-137.291666667,68.9583333333,2
Mqua,-137.133333,68.933333, , ,875827,2808.70412755,-137.125,68.9583333333,2
Mqua,-65.721667,62.571667, , ,969527,3413.29607454,-65.7083333333,62.5416666667,2
Mqua,-134.333333,69.95, , ,852977,1845.80861658,-134.291666667,69.9583333333,2
Mqua,-133.75,69.75, , ,857318,4918.75339274,-133.708333333,69.7916666667,2
Mqua,-124.916667,69.716667, , ,859495,1861.73655391,-124.958333333,69.7083333333,2
Mqua,-124.433333,69.45, , ,865401,1350.48854481,-124.458333333,69.4583333333,2
Mqua,-132.866667,69.733333, , ,859440,2807.50459201,-132.875,69.7083333333,2
Mqua,-129.445,69.995, , ,853034,4122.23231957,-129.458333333,69.9583333333,2
Mqua,-78.916667,51.366667, , ,1214845,3046.01662708,-78.9583333333,51.375,2
Mqua,-79.583333,52.25, , ,1195780,5439.26372369,-79.5416666667,52.2916666667,2
Mqua,-130.233333,69.695, , ,859465,1774.84097397,-130.208333333,69.7083333333,2
Mqua,-136.833333,69.383333, , ,867203,1883.6762801,-136.791666667,69.375,2
Mqua,-130.583333,69.673333, , ,859461,4225.24890249,-130.541666667,69.7083333333,2
Mqua,-79.533333,51.566667, , ,1211277,2840.93013212,-79.5416666667,51.5416666667,2
Mqua,-139.083333,69.583333, , ,861405,4922.86167618,-139.041666667,69.625,2
Mqua,-124.4,70.116667, , ,848639,1328.57876988,-124.375,70.125,2
Mqua,-135.25,69.75, , ,857299,4918.75339275,-135.291666667,69.7916666667,2
Mqua,-130.366667,69.728333, , ,859463,2254.31901001,-130.375,69.7083333333,2
Mqua,-135.508333,69.41, , ,867218,4118.26449466,-135.541666667,69.375,2
Mqua,-134.366667,70.05, , ,850766,982.41170405,-134.375,70.0416666667,2
Mqua,-135.096667,69.566667, , ,863412,2999.88035146,-135.125,69.5416666667,2
Mqua,-130.066667,70.066667, , ,850817,2947.16593365,-130.041666667,70.0416666667,2
Mqua,-76.583333,57.116667, , ,1084875,2689.13147073,-76.5416666667,57.125,2
Mqua,-135.946667,69.545, , ,863402,587.801055825,-135.958333333,69.5416666667,2
Mqua,-118.016667,72.883333, , ,759582,1241.00717484,-118.041666667,72.875,2
Mqua,-107.833333,66.666667, , ,911222,4997.86191969,-107.791666667,66.7083333333,2
Mqua,-78.95,51.816667, , ,1206040,2840.3979913,-78.9583333333,51.7916666667,2
Mqua,-79.2,51.65, , ,1209518,2840.71319476,-79.2083333333,51.625,2
Mqua,-125.675,69.426667, , ,865393,3766.50900758,-125.708333333,69.4583333333,2
Mqua,-128.316667,70.516667, , ,836697,2940.27503862,-128.291666667,70.5416666667,2
Mqua,-128.908333,69.966667, , ,853041,1578.10111307,-128.875,69.9583333333,2
Mqua,-82.3,52.95, , ,1181960,1083.37812214,-82.2916666667,52.9583333333,2
Mqua,-134.183333,70.9, , ,826656,2935.24612631,-134.208333333,70.875,2
Mqua,-130.0,69.75, , ,857359,4918.75339275,-130.041666667,69.7916666667,2
Mqua,-106.333333,69.166667, , ,870855,4933.08983449,-106.291666667,69.2083333333,2
Mqua,-139.916667,69.6, , ,861394,3225.59306422,-139.958333333,69.625,2
Mqua,-79.185556,53.8125, , ,1164373,2762.04272655,-79.2083333333,53.7916666667,2
Mqua,-139.727222,69.593611, , ,861397,3577.92543478,-139.708333333,69.625,2
Mqua,-79.493056,54.408333, , ,1151232,4342.1556841,-79.4583333333,54.375,2
Mqua,-103.333333,68.783333, , ,879176,1922.80213898,-103.291666667,68.7916666667,2
Mqua,-107.616667,68.05, , ,892665,992.413662582,-107.625,68.0416666667,2
Mqua,-129.705,69.945, , ,853031,1492.94695924,-129.708333333,69.9583333333,2
Mqua,-78.766667,52.433333, , ,1192342,3260.14284037,-78.7916666667,52.4583333333,2
Mqua,-110.0,68.416667, , ,885326,4952.00072267,-109.958333333,68.4583333333,2
Mqua,-124.5,70.0, , ,850871,4912.68280502,-124.458333333,70.0416666667,2
Mqua,-77.933333,63.1, , ,960287,3059.02019356,-77.9583333333,63.125,2
Mqua,-133.583333,69.383333, , ,867239,1883.6762801,-133.541666667,69.375,2
Mqua,-132.0,72.0, , ,788700,4866.16409056,-132.041666667,72.0416666667,2
Mqua,-81.0,73.5, , ,734670,4833.7987817,-80.9583333333,73.5416666667,2
Mqua,-79.5,52.0, , ,1200918,5447.4767694,-79.4583333333,52.0416666667,2
Mqua,-108.016667,66.833333, , ,909033,4774.43093218,-108.041666667,66.875,2
Mqua,-91.4,63.721667, , ,951218,1932.94143158,-91.375,63.7083333333,2
Mqua,-78.75,52.583333, , ,1188882,5428.38149791,-78.7083333333,52.625,2
Mqua,-79.183333,69.1, , ,872752,2961.00382406,-79.2083333333,69.125,2
Mqua,-124.633333,70.15, , ,848636,2806.9505345,-124.625,70.125,2
Mqua,-139.35,69.55, , ,863361,1347.45740383,-139.375,69.5416666667,2
Mqua,-72.416667,67.533333, , ,900405,2005.63601793,-72.4583333333,67.5416666667,2
Mqua,-118.166667,71.583333, , ,802734,4875.5789696,-118.208333333,71.625,2
Mqua,-79.25,52.0, , ,1200920,5447.4767694,-79.2916666667,52.0416666667,2
Mqua,-125.416667,69.383333, , ,867258,1883.6762801,-125.458333333,69.375,2
Mqua,-83.666667,65.783333, , ,923014,2121.87117683,-83.7083333333,65.7916666667,2
Mqua,-90.7,63.416667, , ,955005,4663.07446945,-90.7083333333,63.4583333333,2
Mqua,-76.65,56.2, , ,1107116,1807.86613303,-76.625,56.2083333333,2
Mqua,19.13073,59.36872, , ,1030379,771.733272899,19.125,59.375,2
Mqua,-80.305354,52.962095, , ,1181973,1010.55741209,-80.2916666667,52.9583333333,2
Mqua,-80.547827,51.639587, , ,1209502,1678.06919051,-80.5416666667,51.625,2
Mqua,20.87917,63.6775, , ,952178,3443.25554306,20.875,63.7083333333,2
Mqua,21.082301,64.153573, , ,946051,3749.69935969,21.0416666667,64.125,2
Mqua,-164.966995,63.549999, , ,953658,1023.80780212,-164.958333333,63.5416666667,2
Mqua,-166.783997,63.25, , ,957526,4660.34766842,-166.791666667,63.2916666667,2
Mqua,-177.583328,64.660004, , ,938025,4381.329939,-177.541666667,64.625,2
Mqua,-155.600006,70.93, , ,823821,3289.9373522,-155.625,70.9583333333,2
Mqua,-165.335007,63.130001, , ,960112,2093.29890013,-165.375,63.125,2
Mqua,-165.416672,64.5, , ,940413,5058.87141085,-165.458333333,64.4583333333,2
Mqua,177.583328,64.660004, , ,939089,4381.329939,177.541666667,64.625,2
Mqua,-160.333328,70.610001, , ,833864,2276.73251775,-160.291666667,70.625,2
Mqua,170.0,69.0, , ,875612,4937.29011315,170.041666667,69.0416666667,2
Mqua,-164.350006,67.660004, , ,899102,4045.73367774,-164.375,67.625,2
Mqua,-173.350006,64.360001, , ,941457,2062.19950601,-173.375,64.375,2
Mqua,-176.300003,70.93, , ,823580,3175.82848643,-176.291666667,70.9583333333,2
Mqua,177.5,64.75, , ,936867,5050.71833123,177.541666667,64.7916666667,2
Mqua,-167.602005,63.23, , ,958793,2677.69316584,-167.625,63.2083333333,2
Mqua,178.633331,64.449997, , ,941362,1012.19923366,178.625,64.4583333333,2
Mqua,-164.75,64.480003, , ,940421,3139.19461433,-164.791666667,64.4583333333,2
Mqua,-173.233337,64.410004, , ,941459,4084.55186084,-173.208333333,64.375,2
Mqua,18.656212,59.547625, , ,1026511,1886.16738169,18.625,59.5416666667,2
Mqua,17.359682,62.486473, , ,971641,3234.26819681,17.375,62.4583333333,2
Mqua,-92.483333,57.2, , ,1082645,1773.19563941,-92.4583333333,57.2083333333,2
Mqua,-166.7838889,66.2525, , ,916657,4381.48180254,-166.791666667,66.2916666667,2
Mqua,-167.1317,59.3617, , ,1029016,1529.83320818,-167.125,59.375,2
Mqua,22.816667,59.9, , ,1018964,3117.20635858,22.7916666667,59.875,2
Mqua,-78.0,74.2, , ,707239,1571.35366754,-77.9583333333,74.2083333333,2
Mqua,22.666667,59.75, , ,1020855,5198.92189201,22.7083333333,59.7916666667,2
Mqua,18.87310028,59.42079926, , ,1028447,4182.78664784,18.875,59.4583333333,2
Mqua,21.29999924,64.36669922, , ,942443,1009.06669626,21.2916666667,64.375,2
Mqua,-152.83,71.32, , ,813274,3446.19900009,-152.791666667,71.2916666667,2
Mqua,-169.5688889,64.7188889, , ,936988,1752.0274735,-169.541666667,64.7083333333,2
Mqua,-88.8242,56.8388, , ,1090832,4493.22775292,-88.7916666667,56.875,2
Mqua,-65.876,61.248, , ,991623,4420.49807452,-65.875,61.2083333333,2
Mqua,-163.85105,63.66763, , ,951168,4689.48319316,-163.875,63.7083333333,2
Mqua,-22.58329964,70.44999695, , ,839797,1812.06886503,-22.5416666667,70.4583333333,2
Mqua,-60.697,57.694, , ,1070526,1733.4721824,-60.7083333333,57.7083333333,2
Mqua,-79.083333,53.666667, , ,1166206,5392.88713482,-79.0416666667,53.7083333333,2
Mqua,-79.48054722,54.29236667,DFO Arctic database, ,1153159,1448.57592565,-79.4583333333,54.2916666667,2
Mqua,-79.06972222,54.02472222,DFO Arctic database, ,1158835,2633.70291114,-79.0416666667,54.0416666667,2
Mqua,-79.18944444,51.55666667,DFO Arctic database, ,1211278,2121.76878584,-79.2083333333,51.5416666667,2
Mqua,-78.95660833,51.44702778,DFO Arctic database, ,1213051,1263.52375516,-78.9583333333,51.4583333333,2
Mqua,-79.57111111,51.89527778,DFO Arctic database, ,1204330,3033.25963188,-79.5416666667,51.875,2
Mqua,-79.28694444,51.73861111,DFO Arctic database, ,1207766,3384.5354107,-79.2916666667,51.7083333333,2
Mqua,-79.43666667,51.67694444,DFO Arctic database, ,1207764,3800.16687567,-79.4583333333,51.7083333333,2
Mqua,-78.9,51.95,DFO Arctic database, ,1202635,1952.86436733,-78.875,51.9583333333,2
Mqua,-79.19166667,54.15833333,DFO Arctic database, ,1156965,3866.83030492,-79.2083333333,54.125,2
Mqua,-136.45,72.0,DFO Arctic database, ,788647,4658.2995085,-136.458333333,72.0416666667,2
Mqua,17.33343,61.16153, , ,993994,4645.78697605,17.375,61.125,1
Mqua,19.80467,63.53633, , ,954736,878.721064029,19.7916666667,63.5416666667,1
Mqua,17.764373,62.505449, , ,970313,4274.30939609,17.7916666667,62.5416666667,1
Mqua,-93.859,58.757, , ,1043276,3970.94736346,-93.875,58.7916666667,1
Mqua,-94.214,58.805, , ,1043272,1520.9215798,-94.2083333333,58.7916666667,1
Mqua,-119.583333,74.2, , ,706749,1571.34550088,-119.541666667,74.2083333333,1
Mqua,-138.766667,69.621667, , ,861408,1040.55774504,-138.791666667,69.625,1
Mqua,-114.9799,69.2749, , ,869109,2055.18765491,-114.958333333,69.2916666667,1
Mqua,-105.116667,69.116667, , ,872579,986.918736278,-105.125,69.125,1
Mqua,-77.783333,55.4, , ,1127491,2832.93439071,-77.7916666667,55.375,1
Mqua,-137.95,69.11, , ,872464,1705.80856039,-137.958333333,69.125,1
Mqua,-92.412222,57.13245, , ,1084700,2402.07048011,-92.375,57.125,1
Mqua,-76.55,56.916667, , ,1088954,4667.55939695,-76.5416666667,56.9583333333,1
Mqua,-78.102778,58.441667, , ,1051683,2264.89487411,-78.125,58.4583333333,1
Mqua,-122.1972,69.8038, , ,857426,1420.02315548,-122.208333333,69.7916666667,1
Mqua,-94.219167,58.986667, , ,1039189,3217.14963249,-94.2083333333,58.9583333333,1
Mqua,-138.466667,69.266667, , ,868999,2808.14503295,-138.458333333,69.2916666667,1
Mqua,-107.518611,66.549444, , ,913411,1342.25297364,-107.541666667,66.5416666667,1
Mqua,-138.813333,69.463333, , ,865310,1015.55992972,-138.791666667,69.4583333333,1
Mqua,-118.45,69.133333, , ,872494,986.881613781,-118.458333333,69.125,1
Mqua,-76.283333,56.25, , ,1105103,4668.08938811,-76.2916666667,56.2916666667,1
Mqua,-138.72,69.345, , ,867180,3377.96429579,-138.708333333,69.375,1
Mqua,-90.9,65.916667, , ,920930,4783.3831304,-90.875,65.9583333333,1
Mqua,-129.75,70.286667, , ,843968,1665.23794241,-129.708333333,70.2916666667,1
Mqua,-134.466667,69.7, , ,859421,984.08058068,-134.458333333,69.7083333333,1
Mqua,-134.833333,69.483333, , ,865358,3230.94498178,-134.791666667,69.4583333333,1
Mqua,-78.65,52.191667, , ,1197504,2522.05674733,-78.625,52.2083333333,1
Mqua,-137.198333,69.303333, , ,869014,1359.95232321,-137.208333333,69.2916666667,1
Mqua,-82.4556,74.5389, , ,693054,319.336616032,-82.4583333333,74.5416666667,1
Mqua,-124.0213,71.6833, , ,799947,2883.14666435,-124.041666667,71.7083333333,1
Mqua,-115.5828,79.6513, , ,497464,3050.6205986,-115.541666667,79.625,1
Mqua,-107.466667,71.816667, , ,797201,2804.72829632,-107.458333333,71.7916666667,1
Mqua,-113.666667,72.633333, , ,768663,1671.55895887,-113.708333333,72.625,1
Mqua,-84.7,73.083333, , ,753644,4657.78380549,-84.7083333333,73.0416666667,1
Mqua,-90.25,68.333333, , ,886982,4954.19986361,-90.2083333333,68.375,1
Mqua,-84.75,72.866667, , ,759788,1656.04934351,-84.7083333333,72.875,1
Mqua,-129.566667,70.15, , ,848583,2945.92542404,-129.541666667,70.125,1
Mqua,-94.6,71.766667, , ,797296,2922.91615473,-94.625,71.7916666667,1
Mqua,-77.325,55.55, , ,1123443,2299.551454,-77.2916666667,55.5416666667,1
Mqua,-128.033333,70.35, , ,841603,2806.63837626,-128.041666667,70.375,1
Mqua,-77.158333,55.658333, , ,1121410,4263.578831,-77.125,55.625,1
Mqua,-116.816667,71.266667, , ,813693,2929.75667558,-116.791666667,71.2916666667,1
Mqua,-82.44,54.361667, , ,1151196,1903.28368531,-82.4583333333,54.375,1
Mqua,-81.785556,69.3675, , ,867544,870.496691818,-81.7916666667,69.375,1
Mqua,-110.416667,74.766667, , ,682467,3046.03430919,-110.458333333,74.7916666667,1
Mqua,-79.75,72.483333, , ,774641,3121.91259931,-79.7083333333,72.4583333333,1
Mqua,-131.973333,69.736667, , ,859451,3213.70525701,-131.958333333,69.7083333333,1
Mqua,-106.95,68.4, , ,886831,2809.50074158,-106.958333333,68.375,1
Mqua,-94.833333,74.683333, , ,686016,3048.70612558,-94.7916666667,74.7083333333,1
Mqua,-118.195833,70.852778, , ,826848,2521.23158516,-118.208333333,70.875,1
Mqua,-132.333333,70.033333, , ,850791,1840.34638835,-132.291666667,70.0416666667,1
Mqua,-121.7,71.483333, , ,808218,2805.09215223,-121.708333333,71.4583333333,1
Mqua,-93.8,72.725, , ,765803,1880.33962043,-93.7916666667,72.7083333333,1
Mqua,-107.666667,68.366667, , ,886826,1950.34613842,-107.708333333,68.375,1
Mqua,-92.1,70.116667, , ,848800,1328.57876988,-92.125,70.125,1
Mqua,-127.333333,70.628333, , ,834205,1587.39295711,-127.291666667,70.625,1
Mqua,-78.833333,51.616667, , ,1209523,3030.95465203,-78.7916666667,51.625,1
Mqua,-113.0,75.05, , ,672872,1518.80455459,-112.958333333,75.0416666667,1
Mqua,-127.646667,70.25, , ,846338,4720.01184264,-127.625,70.2083333333,1
Mqua,-95.95,68.633333, , ,882374,989.397049532,-95.9583333333,68.625,1
Mqua,-103.3,69.716667, , ,859575,984.070733123,-103.291666667,69.7083333333,1
Mqua,-92.058333,62.783333, , ,965315,1259.52422589,-92.0416666667,62.7916666667,1
Mqua,-131.4,69.95, , ,853012,1334.05085062,-131.375,69.9583333333,1
Mqua,-140.833333,69.616667, , ,861384,1867.73941854,-140.791666667,69.625,1
Mqua,-100.616667,67.8, , ,896676,993.710248871,-100.625,67.7916666667,1
Mqua,-110.666667,67.883333, , ,895336,1982.93398607,-110.708333333,67.875,1
Mqua,-131.666667,70.266667, , ,843944,3200.52007947,-131.708333333,70.2916666667,1
Mqua,-77.0,72.8, , ,762901,1660.88151329,-77.0416666667,72.7916666667,1
Mqua,-83.15,64.116667, , ,945197,1531.83012333,-83.125,64.125,1
Mqua,-105.25,69.416667, , ,865483,4926.89725828,-105.208333333,69.4583333333,1
Mqua,-77.266667,60.033333, , ,1014286,1674.40794439,-77.2916666667,60.0416666667,1
Mqua,-128.475,70.01, , ,850834,3589.53859639,-128.458333333,70.0416666667,1
Mqua,-77.583333,58.233333, , ,1057903,3708.01751461,-77.5416666667,58.2083333333,1
Mqua,-102.233333,67.716667, , ,897921,1408.65153132,-102.208333333,67.7083333333,1
Mqua,-120.0,74.283333, , ,703218,1566.13784887,-119.958333333,74.2916666667,1
Mqua,-138.333333,69.166667, , ,870749,4933.08983449,-138.291666667,69.2083333333,1
Mqua,-94.033333,61.1, , ,992885,2821.77716429,-94.0416666667,61.125,1
Mqua,-123.7,69.35, , ,867274,2808.05930225,-123.708333333,69.375,1
Mqua,-86.716667,66.533333, , ,913415,1000.42842703,-86.7083333333,66.5416666667,1
Mqua,-115.033333,67.833333, , ,896575,4660.43978989,-115.041666667,67.7916666667,1
Mqua,-67.35,63.466667, , ,955238,1554.76452683,-67.375,63.4583333333,1
Mqua,-111.95,67.75, , ,896612,4660.49919799,-111.958333333,67.7916666667,1
Mqua,-69.083333,58.933333, , ,1039389,3675.41019715,-69.0416666667,58.9583333333,1
Mqua,-97.0,68.5, , ,883923,4949.91192593,-96.9583333333,68.5416666667,1
Mqua,-81.516667,52.283333, , ,1195756,1941.65465929,-81.5416666667,52.2916666667,1
Mqua,-115.0,68.866667, , ,877520,1917.26666959,-114.958333333,68.875,1
Mqua,-71.966667,61.6, , ,984311,2820.85721637,-71.9583333333,61.625,1
Mqua,-78.066667,72.666667, , ,765898,4723.34065556,-78.0416666667,72.7083333333,1
Mqua,-79.433333,54.766667, , ,1141513,3214.42994465,-79.4583333333,54.7916666667,1
Mqua,-117.0,73.0, , ,753411,4844.33666643,-116.958333333,73.0416666667,1
Mqua,-72.666667,63.983333, , ,947727,3454.29123159,-72.7083333333,63.9583333333,1
Mqua,-131.0,69.55, , ,863440,1872.71308676,-130.958333333,69.5416666667,1
Mqua,-105.855,69.16, , ,872570,3984.40698562,-105.875,69.125,1
Mqua,-85.083333,55.283333, , ,1129445,2805.1691476,-85.0416666667,55.2916666667,1
Mqua,-91.816667,62.583333, , ,967942,4818.23378007,-91.7916666667,62.625,1
Mqua,-113.733333,67.75, , ,896591,4765.62806662,-113.708333333,67.7916666667,1
Mqua,-98.0,79.383333, , ,507313,1265.41395473,-97.9583333333,79.375,1
Mqua,-79.0,72.633333, , ,768855,1671.56819288,-78.9583333333,72.625,1
Mqua,-78.85,54.9, , ,1139555,3212.34411508,-78.875,54.875,1
Mqua,-73.0,66.75, , ,910254,4995.66468548,-72.9583333333,66.7916666667,1
Mqua,-83.666667,65.85, , ,921999,3374.70381588,-83.7083333333,65.875,1
Mqua,-117.441667,69.858333, , ,855329,1966.59901977,-117.458333333,69.875,1
Mqua,-79.783333,54.6, , ,1145411,2834.51847146,-79.7916666667,54.625,1
Mqua,-84.0,73.75, , ,724622,4828.6259648,-83.9583333333,73.7916666667,1
Mqua,-94.333333,72.033333, , ,788896,1709.77463224,-94.2916666667,72.0416666667,1
Mqua,18.62167,60.14667, , ,1013409,2421.43562461,18.625,60.125,1
Mqua,16.767,58.00383, , ,1062962,4459.16021737,16.7916666667,58.0416666667,1
Mqua,18.32158,59.37567, , ,1030369,1702.16694085,18.2916666667,59.375,1
Mqua,21.56983,65.02934, , ,933546,1910.32860532,21.5416666667,65.0416666667,1
Mqua,18.03617,58.9435, , ,1040298,1682.36339661,18.0416666667,58.9583333333,1
Mqua,17.19917,61.45633, , ,988026,537.24068159,17.2083333333,61.4583333333,1
Mqua,18.72485,59.34049, , ,1030374,3957.57527256,18.7083333333,59.375,1
Mqua,17.33865,60.68685, , ,1001760,3110.01702619,17.375,60.7083333333,1
Mqua,17.6545,58.83967, , ,1042323,4287.98153781,17.625,58.875,1
Mqua,19.4315,59.45778, , ,1028454,1522.96873505,19.4583333333,59.4583333333,1
Mqua,21.78333,65.35, , ,929258,2814.31825507,21.7916666667,65.375,1
Mqua,23.0,65.73333, , ,924908,3380.27931779,23.0416666667,65.7083333333,1
Mqua,22.40883,65.394, , ,929265,2638.58867311,22.375,65.375,1
Mqua,19.401149,59.708787, , ,1022707,1472.79601989,19.375,59.7083333333,1
Mqua,16.062695,56.313199, , ,1105949,2728.16557593,16.0416666667,56.2916666667,1
Mqua,18.458897,59.049498, , ,1038283,872.978304193,18.4583333333,59.0416666667,1
Mqua,19.05704,59.882562, , ,1018919,1204.59364165,19.0416666667,59.875,1
Mqua,19.254671,63.466189, , ,956035,2042.22943001,19.2916666667,63.4583333333,1
Mqua,18.46417,61.04367, , ,995543,386.392206201,18.4583333333,61.0416666667,1
Mqua,18.21917,62.54667, , ,970318,788.64491837,18.2083333333,62.5416666667,1
Mqua,18.08688,61.00353, , ,995539,4723.01253967,18.125,61.0416666667,1
Mqua,18.23717,62.861, , ,965077,2142.30628282,18.2083333333,62.875,1
Mqua,16.3755,58.62633, , ,1048450,150.967991985,16.375,58.625,1
Mqua,21.34512,64.66733, , ,937855,4788.63670806,21.375,64.7083333333,1
Mqua,16.8857,58.5646, , ,1050503,2629.34081144,16.875,58.5416666667,1
Mqua,22.6905,65.22467, , ,931445,2003.52568148,22.7083333333,65.2083333333,1
Mqua,17.663969,62.230127, , ,975646,3163.71671817,17.625,62.2083333333,1
Mqua,21.324158,60.186282, , ,1011684,3046.98818888,21.2916666667,60.2083333333,1
Mqua,16.827017,57.354475, , ,1079589,3122.51139044,16.7916666667,57.375,1
Mqua,18.638479,63.186691, , ,959886,2505.93266764,18.625,63.2083333333,1
Mqua,16.757928,57.674141, , ,1071386,4307.01918771,16.7916666667,57.7083333333,1
Mqua,-156.316666,71.360001, , ,810551,1896.35839383,-156.291666667,71.375,1
Mqua,-106.083344,69.43, , ,865472,3557.64113614,-106.125,69.4583333333,1
Mqua,-143.500275,70.120003, , ,848415,1667.28654858,-143.541666667,70.125,1
Mqua,-156.783325,71.279999, , ,813226,1335.7107807,-156.791666667,71.2916666667,1
Mqua,-165.833328,61.700001, , ,982710,2391.72779675,-165.791666667,61.7083333333,1
Mqua,-155.850006,71.25, , ,813237,4734.63937085,-155.875,71.2916666667,1
Mqua,-149.53334,70.529999, , ,836442,1338.1007596,-149.541666667,70.5416666667,1
Mqua,-144.899994,69.989998, , ,852872,3659.53675351,-144.875,69.9583333333,1
Mqua,-168.833328,67.610001, , ,899049,2436.20104736,-168.791666667,67.625,1
Mqua,-158.016663,70.809998, , ,828930,2241.86491617,-158.041666667,70.7916666667,1
Mqua,-149.233307,70.5, , ,836446,4740.76712666,-149.208333333,70.5416666667,1
Mqua,-158.433334,59.049999, , ,1036950,1708.96724162,-158.458333333,59.0416666667,1
Mqua,-179.083328,65.830002, , ,922926,4680.0996469,-179.041666667,65.7916666667,1
Mqua,169.800003,69.25, , ,870517,4659.68750652,169.791666667,69.2916666667,1
Mqua,-160.116669,70.599998, , ,833866,2806.50276017,-160.125,70.625,1
Mqua,-166.0,61.450001, , ,986958,2408.40546496,-166.041666667,61.4583333333,1
Mqua,-162.566666,66.900002, , ,909022,2995.72173115,-162.541666667,66.875,1
Mqua,-150.566666,70.559998, , ,836430,2246.47529863,-150.541666667,70.5416666667,1
Mqua,-148.366669,70.360001, , ,841359,1702.32143423,-148.375,70.375,1
Mqua,-169.339005,63.009998, , ,961357,3972.51289741,-169.375,63.0416666667,1
Mqua,-152.083328,70.830002, , ,828973,4542.21111632,-152.041666667,70.7916666667,1
Mqua,-149.96666,70.510002, , ,836437,3546.35254176,-149.958333333,70.5416666667,1
Mqua,-158.666672,70.779999, , ,828922,2009.51196978,-158.708333333,70.7916666667,1
Mqua,-163.263336,63.02, , ,961419,2808.71420796,-163.291666667,63.0416666667,1
Mqua,-156.5,71.5, , ,805069,4877.4435404,-156.541666667,71.5416666667,1
Mqua,169.75,69.550003, , ,865059,1872.87914358,169.791666667,69.5416666667,1
Mqua,-169.117996,63.060001, , ,961360,2074.07452802,-169.125,63.0416666667,1
Mqua,-164.283325,63.299999, , ,957556,1018.671502,-164.291666667,63.2916666667,1
Mqua,-146.095001,70.18, , ,846116,3358.55056406,-146.125,70.2083333333,1
Mqua,-166.866669,60.25, , ,1008734,4665.2094456,-166.875,60.2916666667,1
Mqua,-142.291672,69.900002, , ,855059,2789.2381161,-142.291666667,69.875,1
Mqua,-166.5,65.25, , ,929485,5036.69680809,-166.458333333,65.2916666667,1
Mqua,19.109825,57.984447, , ,1065106,3043.95763963,19.125,57.9583333333,1
Mqua,18.421716,60.500572, , ,1004944,5000.97581696,18.4583333333,60.5416666667,1
Mqua,11.09379,58.549181, , ,1050499,2000.8689665,11.125,58.5416666667,1
Mqua,19.1217,57.6269, , ,1073471,289.227101244,19.125,57.625,1
Mqua,18.0167,60.5833, , ,1004939,4836.77039081,18.0416666667,60.5416666667,1
Mqua,21.21,57.345, , ,1079638,3342.49461716,21.2083333333,57.375,1
Mqua,19.4332,57.8994, , ,1067232,3099.65775049,19.4583333333,57.875,1
Mqua,22.66475,65.01538, , ,933559,3478.28320591,22.625,65.0416666667,1
Mqua,21.1,63.083333, , ,961213,4812.82896498,21.125,63.125,1
Mqua,16.5333004,56.36669922, , ,1103943,1059.04047721,16.5416666667,56.375,1
Mqua,17.39780045,61.7242012, , ,983756,2140.3135489,17.375,61.7083333333,1
Mqua,18.837,57.1698, , ,1083694,4867.58961909,18.875,57.2083333333,1
Mqua,16.7166996,56.65000153, , ,1097891,2830.94137584,16.7083333333,56.625,1
Mqua,19.1852,58.2778, , ,1056714,2055.99695687,19.2083333333,58.2916666667,1
Mqua,-167.4166667,54.9, , ,1139081,3859.39108719,-167.458333333,54.875,1
Mqua,15.75,55.3333, , ,1130377,5336.92960972,15.7916666667,55.2916666667,1
Mqua,-93.029088,62.319857, , ,973270,3208.86554635,-93.0416666667,62.2916666667,1
Mqua,22.7,63.8, , ,950950,1015.70459347,22.7083333333,63.7916666667,1
Mqua,-85.30399,55.3813, , ,1127401,1049.85214292,-85.2916666667,55.375,1
Mqua,32.0,71.25, , ,814782,4883.17245644,32.0416666667,71.2916666667,1
Mqua,-69.84911,62.83357, , ,964258,4802.29444075,-69.875,62.875,1
Mqua,-86.97200012,55.91680145, , ,1113147,4702.40131803,-86.9583333333,55.9583333333,1
Mqua,-64.733333,62.6, , ,968222,3067.81550193,-64.7083333333,62.625,1
Mqua,-87.6333313,56.13333511, , ,1109020,1062.87866008,-87.625,56.125,1
Mqua,-72.169377,66.68458, , ,911356,3158.57960754,-72.2083333333,66.7083333333,1
Mqua,20.0,57.0, , ,1087805,5285.30377476,20.0416666667,57.0416666667,1
Mqua,18.20000076,57.59999847, , ,1073464,2828.63073585,18.2083333333,57.625,1
Mqua,-149.05,70.75, , ,829009,4658.90614268,-149.041666667,70.7916666667,1
Mqua,21.83329964,60.33330154, , ,1009978,5178.26281598,21.7916666667,60.2916666667,1
Mqua,40.0,71.0, , ,822857,4888.95996713,40.0416666667,71.0416666667,1
Mqua,-22.93330002,72.75, , ,763210,4722.92657264,-22.9583333333,72.7916666667,1
Mqua,-86.0,60.0, , ,1014182,5191.22204008,-85.9583333333,60.0416666667,1
Mqua,21.2,60.583333, , ,1004977,4664.98451687,21.2083333333,60.5416666667,1
Mqua,71.916667,71.516667, , ,807033,3154.95467105,71.9583333333,71.5416666667,1
Mqua,20.6333,57.4833, , ,1077582,2824.74366382,20.625,57.4583333333,1
Mqua,-167.1333333,57.6666667, , ,1069953,4667.04620139,-167.125,57.7083333333,1
Mqua,15.61670017,56.09999847, , ,1110027,2831.24897168,15.625,56.125,1
Mqua,19.0333004,63.25, , ,958599,4663.36723388,19.0416666667,63.2916666667,1
Mqua,-153.48,71.58, , ,805106,4345.18239109,-153.458333333,71.5416666667,1
Mqua,-148.43,70.6, , ,833951,2980.37857571,-148.458333333,70.625,1
Mqua,20.7333,55.6167, , ,1122311,1824.3113534,20.7083333333,55.625,1
Mqua,-162.758606,66.09610748, , ,918887,3551.57813256,-162.791666667,66.125,1
Mqua,16.35000038,56.6330986, , ,1097889,1779.75562597,16.375,56.625,1
Mqua,-117.772,70.7365999, , ,831850,3235.97830507,-117.791666667,70.7083333333,1
Mqua,-171.79567,63.0005, , ,961329,4592.99434118,-171.791666667,63.0416666667,1
Mqua,-127.7166667,70.68333333, , ,831731,2806.17631755,-127.708333333,70.7083333333,1
Mqua,-65.286,61.385, , ,988687,1154.79755269,-65.2916666667,61.375,1
Mqua,18.26670074,57.04999924, , ,1087784,1776.90138606,18.2916666667,57.0416666667,1
Mqua,-160.3833333,56.6833333, , ,1094550,2830.29465358,-160.375,56.7083333333,1
Mqua,20.6167,56.6667, , ,1095910,4663.86704516,20.625,56.7083333333,1
Mqua,-81.33333333,67.31666667,DFO Arctic database, ,903584,3315.8655037,-81.2916666667,67.2916666667,1
Mqua,-79.3956,54.1766,DFO Arctic database, ,1155079,3779.46975018,-79.375,54.2083333333,1
Mqua,-78.93555556,53.55861111,DFO Arctic database, ,1169840,2415.72789151,-78.9583333333,53.5416666667,1
Mqua,-76.74663611,57.45615556,DFO Arctic database, ,1076698,2311.87773798,-76.7083333333,57.4583333333,1
Mqua,-114.3333333,69.08333333,DFO Arctic database, ,872544,4935.20667898,-114.291666667,69.125,1
