Sps,lon,lat,Field4,Field5,Field6,NEAR_FID,NEAR_DIST,NEAR_X,NEAR_Y,RASTERVALU
Mtru,-132.1794739,53.68809128, , , ,735457,0.0352489045966,-132.208335245,53.708327585,2
Mtru,34.05,66.68333333, , , ,481398,0.0263490797077,34.041658105,66.708327065,2
Mtru,33.68,66.345, , , ,485813,0.041254311101,33.708324785,66.374993745,2
Mtru,36.0,66.33333333, , , ,485841,0.0589150339461,36.041658025,66.374993745,2
Mtru,34.28333333,66.6575, , , ,482486,0.0335553121958,34.291658095,66.624993735,2
Mtru,39.68333333,65.56666667, , , ,496461,0.0353535304591,39.708324545,65.541660445,2
Mtru,17.5519,58.8408, , , ,611642,0.0356947560264,17.541658765,58.874994045,2
Mtru,-131.9499969,54.11000061, , , ,726222,0.0171562511857,-131.958335255,54.124994235,2
Mtru,10.2477,57.6593, , , ,642743,0.0522228747739,10.208325725,57.624994095,2
Mtru,35.83333333,65.13333333, , , ,501877,0.0424845821926,35.874991365,65.124993795,2
Mtru,-131.3478546,52.30611038, , , ,765022,0.030753270483,-131.375001945,52.291660975,2
Mtru,-66.4,49.2, , , ,832040,0.0263462414882,-66.375004545,49.208327765,2
Mtru,39.045,64.73, , , ,507249,0.021929027403,39.041657905,64.708327145,2
Mtru,36.9,65.2, , , ,500825,0.0263585818287,36.874991325,65.208327125,2
Mtru,10.911108,59.06438, , , ,607590,0.0426673816486,10.874992365,59.041660705,2
Mtru,14.847858,67.230209, , , ,474831,0.0348580698778,14.874992205,67.208327045,2
Mtru,11.83655,64.796967, , , ,506061,0.0388068493823,11.874992325,64.791660475,2
Mtru,5.88085,59.23365, , , ,603566,0.0259912559936,5.874992565,59.208327365,2
Mtru,5.52837,59.274119, , , ,601604,0.0220071601108,5.541659245,59.291660695,2
Mtru,8.1615,62.910881, , , ,534387,0.0511926206074,8.124992475,62.874993885,2
Mtru,10.6117,59.648733, , , ,593916,0.0272071064608,10.624992375,59.624994015,2
Mtru,5.847017,62.31556, , , ,543624,0.0367942217257,5.874992565,62.291660575,2
Mtru,11.115358,58.877774, , , ,611640,0.0100274097387,11.124992355,58.874994045,2
Mtru,-68.210792,48.62143, , , ,845094,0.00432763359644,-68.208337805,48.624994455,2
Mtru,-70.80638,42.789571, , , ,986411,0.0148567572302,-70.791671035,42.791661355,2
Mtru,11.177378,58.725262, , , ,615716,0.0352780440509,11.208325685,58.708327385,2
Mtru,13.115053,66.38786, , , ,485803,0.0162582196212,13.124992275,66.374993745,2
Mtru,10.02703,57.58976, , , ,642741,0.0381503734352,10.041659065,57.624994095,2
Mtru,16.999454,68.519651, , , ,454175,0.0466472678811,16.958325455,68.541660325,2
Mtru,15.427551,67.133517, , , ,475917,0.0319330105169,15.458325515,67.124993715,2
Mtru,15.409012,67.257558, , , ,473735,0.048169697874,15.374992185,67.291660375,2
Mtru,5.37615,60.586317, , , ,572649,0.0386942890442,5.374992585,60.624993975,2
Mtru,-124.65,70.1167,Source 19, Historical Data, , ,417956,0.0263376721244,-124.625002215,70.124993595,2
Mtru,-82.65,62.995,Roy and Gagnon, , ,532131,0.0443812846234,-82.625003895,62.958327215,2
Mtru,-62.06583,56.41744,KimTrawl, , ,670403,0.0474913075267,-62.041671385,56.458327475,2
Mtru,9.6167,54.9133, , , ,709636,0.0391930871087,9.624992415,54.874994205,1
Mtru,-5.831861,54.648705, , , ,715333,0.0466607504329,-5.791673635,54.624994215,1
Mtru,-0.99003,54.6697, , , ,713415,0.049963105987,-0.958340495,54.708327545,1
Mtru,10.826667,54.506667, , , ,717433,0.0494987838319,10.791659035,54.541660885,1
Mtru,1.5468,51.8501, , , ,774253,0.0254195423672,1.541659405,51.874994325,1
Mtru,-5.767009607,56.67346609, , , ,665000,0.0427039780826,-5.791673635,56.708327465,1
Mtru,-66.798,60.062, , , ,583656,0.0213012281564,-66.791671195,60.041660665,1
Mtru,-4.689156,55.444267, , , ,695449,0.023785230189,-4.708340345,55.458327515,1
Mtru,11.46,54.17, , , ,725142,0.0383641186923,11.458325675,54.208327565,1
Mtru,11.2,54.31, , , ,723231,0.0201405015558,11.208325685,54.291660895,1
Mtru,10.8683,55.255, , , ,699651,0.0372666880555,10.874992365,55.291660855,1
Mtru,32.3495,67.07533333, , , ,477022,0.0422336838571,32.374991505,67.041660385,1
Mtru,11.395,58.2467, , , ,628079,0.0432754238065,11.374992345,58.208327405,1
Mtru,11.07,54.04, , , ,728905,0.0283896014303,11.041659025,54.041660905,1
Mtru,-1.28763,60.09665, , , ,582635,0.0286310057859,-1.291673815,60.124993995,1
Mtru,10.4482,54.5976, , , ,715489,0.0292057035479,10.458325715,54.624994215,1
Mtru,-0.99987,50.64082, , , ,800836,0.0444426618485,-0.958340495,50.624994375,1
Mtru,9.7348,55.4217, , , ,695575,0.0451935950427,9.708325745,55.458327515,1
Mtru,-5.266038853,56.54647321, , , ,669053,0.0260826056111,-5.291673655,56.541660805,1
Mtru,-3.13505,58.91183, , , ,611506,0.0381804652056,-3.125007075,58.874994045,1
Mtru,39.71666667,65.00083333, , , ,502966,0.0416706851614,39.708324545,65.041660465,1
Mtru,-7.122977633,57.68683297, , , ,640489,0.0215900343025,-7.125006915,57.708327425,1
Mtru,0.33036,53.6282, , , ,737985,0.0388330913565,0.291659455,53.624994255,1
Mtru,1.99732,52.62042, , , ,758803,0.0392613285742,1.958326055,52.624994295,1
Mtru,10.3687,56.2427, , , ,677268,0.0349437247072,10.374992385,56.208327485,1
Mtru,-0.98459,60.64618, , , ,572573,0.0337325387133,-0.958340495,60.624993975,1
Mtru,8.932510821,56.93622431, , , ,659080,0.0339847152248,8.958325775,56.958327455,1
Mtru,-3.74453,51.42572, , , ,783018,0.048712921312,-3.708340385,51.458327675,1
Mtru,1.97663,52.80214, , , ,755357,0.0210913438803,1.958326055,52.791660955,1
Mtru,9.6687,55.7041, , , ,689501,0.0398506143658,9.708325745,55.708327505,1
Mtru,10.04,54.533333, , , ,717424,0.00849153491705,10.041659065,54.541660885,1
Mtru,13.309833,55.278167, , , ,699667,0.0226358291517,13.291658935,55.291660855,1
Mtru,8.606672287,58.35310856, , , ,623892,0.0285412663463,8.624992455,58.374994065,1
Mtru,10.1667,55.0667, , , ,705680,0.0485763241026,10.208325725,55.041660865,1
Mtru,-5.712007112,57.27398699, , , ,650787,0.0180501565035,-5.708340305,57.291660775,1
Mtru,-1.348253572,60.36301091, , , ,577472,0.0293146337982,-1.375007145,60.374993985,1
Mtru,-5.06905,55.90893, , , ,685327,0.0436016583994,-5.041673665,55.874994165,1
Mtru,-4.62445,51.30108333, , , ,786603,0.00943876505001,-4.625007015,51.291661015,1
Mtru,10.5322,55.6027, , , ,691534,0.0242178399376,10.541659045,55.624994175,1
Mtru,-2.77642,58.95728, , , ,609481,0.0152896708922,-2.791673755,58.958327375,1
Mtru,1.919,52.03717, , , ,770847,0.0395816567128,1.958326055,52.041660985,1
Mtru,-0.639262,53.668735, , , ,736155,0.0420805515977,-0.625007175,53.708327585,1
Mtru,-1.26,55.0, , , ,705551,0.0523341019719,-1.291673815,55.041660865,1
Mtru,-3.55151,53.5458, , , ,739766,0.0106716562787,-3.541673725,53.541660925,1
Mtru,0.79031,53.36186, , , ,743317,0.0132034045575,0.791659435,53.374994265,1
Mtru,11.0041,56.4428, , , ,671225,0.0406421313273,11.041659025,56.458327475,1
Mtru,3.291111,54.857222, , , ,709570,0.017780662019,3.291659335,54.874994205,1
Mtru,10.6404,56.5627, , , ,669200,0.0260776270851,10.624992375,56.541660805,1
Mtru,-4.83427,54.71115, , , ,713394,0.0408346645462,-4.875007005,54.708327545,1
Mtru,12.72,56.565, , , ,669225,0.0260961501929,12.708325625,56.541660805,1
Mtru,-4.162658198,53.34605666, , , ,743294,0.0474867882509,-4.125007035,53.374994265,1
Mtru,11.636,56.0028, , , ,681373,0.0403897562314,11.624992335,56.041660825,1
Mtru,10.652,56.1977, , , ,677271,0.0290233568969,10.624992375,56.208327485,1
Mtru,3.85,51.79166667, , , ,776000,0.0249926456443,3.874992645,51.791660995,1
Mtru,-5.27,51.73, , , ,777693,0.0306502434805,-5.291673655,51.708327665,1
Mtru,1.04615,53.14748, , , ,748479,0.0229297425325,1.041659425,53.124994275,1
Mtru,4.276944444,53.62777778, , , ,738033,0.0149758088722,4.291659295,53.624994255,1
Mtru,-68.43528,63.66667, , , ,520721,0.0476128446156,-68.458337795,63.708327185,1
Mtru,11.153333,54.6, , , ,715497,0.0377876030264,11.124992355,54.624994215,1
Mtru,1.5,51.25, , , ,786625,0.0589164340043,1.541659405,51.291661015,1
Mtru,10.6617,56.8325, , , ,663133,0.0549116599473,10.624992375,56.791660795,1
Mtru,-5.372,55.011, , , ,705544,0.030807963278,-5.375006985,55.041660865,1
Mtru,-3.50627,54.74778, , , ,713410,0.0530086780575,-3.541673725,54.708327545,1
Mtru,57.2085,70.17266667, , , ,417084,0.0356606900837,57.208323845,70.208326925,1
Mtru,12.6998,55.8268, , , ,687510,0.0361586393347,12.708325625,55.791660835,1
Mtru,-6.16078,54.05694, , , ,728751,0.0388993765065,-6.125006955,54.041660905,1
Mtru,11.9883,57.3033, , , ,650948,0.0321548272703,11.958325655,57.291660775,1
Mtru,-5.35192,55.97336, , , ,683262,0.0275496838996,-5.375006985,55.958327495,1
Mtru,3.48333333,51.475, , , ,783065,0.0300555024032,3.458325995,51.458327675,1
Mtru,0.25089,53.87998, , , ,732483,0.0410731812004,0.291659455,53.874994245,1
Mtru,2.536846599,51.13187474, , , ,790173,0.00839657158123,2.541659365,51.124994355,1
Mtru,11.75,54.18000031, , , ,725146,0.0503776263856,11.791658995,54.208327565,1
Mtru,1.615055,50.77295, , , ,797256,0.0211863495605,1.624992735,50.791661035,1
Mtru,2.07599,53.7008, , , ,736186,0.0351462040939,2.041659385,53.708327585,1
Mtru,-4.652259014,52.75883542, , , ,755343,0.0426636519479,-4.625007015,52.791660955,1
Mtru,-0.641298333,54.54770833, , , ,717306,0.0173773824268,-0.625007175,54.541660885,1
Mtru,10.3006,55.9771, , , ,683410,0.0207929661537,10.291659055,55.958327495,1
Mtru,-3.65048,50.24437, , , ,809994,0.044135207195,-3.625007055,50.208327725,1
Mtru,9.8789,55.1497, , , ,703679,0.0250129186498,9.874992405,55.124994195,1
Mtru,12.283333,54.495, , , ,719387,0.0376057187403,12.291658975,54.458327555,1
Mtru,-2.95566,59.14471, , , ,605443,0.0198973340037,-2.958340415,59.124994035,1
Mtru,11.0693,55.8612, , , ,685472,0.0308917867239,11.041659025,55.874994165,1
Mtru,-4.10588,53.6703, , , ,736139,0.0425668966313,-4.125007035,53.708327585,1
Mtru,3.288889,52.898056, , , ,753651,0.0232275150361,3.291659335,52.874994285,1
Mtru,-131.5899963,54.16999817, , , ,724338,0.0519089298948,-131.625001935,54.208327565,1
Mtru,-5.12895,58.25914, , , ,625840,0.032758899453,-5.125006995,58.291660735,1
Mtru,10.0367,55.679, , , ,689505,0.0297438207902,10.041659065,55.708327505,1
Mtru,-5.39599,58.01563, , , ,632089,0.0334348112563,-5.375006985,58.041660745,1
Mtru,-132.6000061,54.0, , , ,728087,0.0485841617516,-132.625001895,54.041660905,1
Mtru,4.96944,53.8703, , , ,732539,0.0120647576413,4.958325935,53.874994245,1
Mtru,-7.20492,57.42193, , , ,646683,0.0365577809835,-7.208340245,57.458327435,1
Mtru,-67.0555366,44.9095235, , , ,932374,0.0372087936252,-67.041671185,44.874994605,1
Mtru,0.72517,53.57874, , , ,739781,0.0407256013047,0.708326105,53.541660925,1
Mtru,-5.025526,55.706101, , , ,689373,0.0163004420022,-5.041673665,55.708327505,1
Mtru,-4.06975,51.51335, , , ,781233,0.0398721876129,-4.041673705,51.541661005,1
Mtru,0.38073,53.43184, , , ,741556,0.0271018140507,0.374992785,53.458327595,1
Mtru,25.34167,75.92167, , , ,208424,0.0495384158397,25.374991785,75.958326695,1
Mtru,1.00493,54.6282, , , ,715386,0.0368690618039,1.041659425,54.624994215,1
Mtru,1.62783,53.59617, , , ,738001,0.0289635589834,1.624992735,53.624994255,1
Mtru,-5.10222,55.51888, , , ,693424,0.0322213289615,-5.125006995,55.541660845,1
Mtru,-0.39722,50.65627, , , ,800843,0.0383610983858,-0.375007185,50.624994375,1
Mtru,-5.5973,54.4667, , , ,719217,0.0289443310327,-5.625006975,54.458327555,1
Mtru,-5.71759,57.01094, , , ,656913,0.0320830716829,-5.708340305,57.041660785,1
Mtru,4.615544,52.618921, , , ,758835,0.0112321519566,4.624992615,52.624994295,1
Mtru,4.3,54.8833, , , ,709582,0.011770878917,4.291659295,54.874994205,1
Mtru,1.06897,51.73253, , , ,777711,0.0364913760536,1.041659425,51.708327665,1
Mtru,-2.92402,55.99418, , , ,683276,0.0496315726181,-2.958340415,55.958327495,1
Mtru,-0.88383,50.44617, , , ,804465,0.0150217326384,-0.875007165,50.458327715,1
Mtru,10.622,55.0576, , , ,705685,0.0162175933075,10.624992375,55.041660865,1
Mtru,-78.43333,60.73333, , , ,570186,0.0353624739229,-78.458337395,60.708327305,1
Mtru,-1.71367,50.60224, , , ,800828,0.0233701845298,-1.708340465,50.624994375,1
Mtru,0.46085,53.00167, , , ,750181,0.0400705088249,0.458326115,53.041660945,1
Mtru,-5.79934,54.84455, , , ,709490,0.0313946296426,-5.791673635,54.874994205,1
Mtru,-69.96700287,42.16699982, , , ,1002435,0.0422268486418,-69.958337735,42.208328045,1
Mtru,-4.23823,50.30133, , , ,808095,0.0314146268137,-4.208340365,50.291661055,1
Mtru,10.7917,58.5417, , , ,619815,5.67508312849e-05,10.791659035,58.541660725,1
Mtru,-134.31,70.01, , , ,420087,0.036584374471,-134.291668495,70.041660265,1
Mtru,2.70445765,51.46482648, , , ,783056,0.00756298826976,2.708326025,51.458327675,1
Mtru,-4.498724984,52.22437766, , , ,767408,0.0434571195659,-4.458340355,52.208327645,1
Mtru,-131.3506165,52.36082077, , , ,763302,0.0282053013146,-131.375001945,52.374994305,1
Mtru,1.30451,51.06671, , , ,791924,0.0281529515929,1.291659415,51.041661025,1
Mtru,-3.0,58.05, , , ,632101,0.0424860470781,-2.958340415,58.041660745,1
Mtru,10.8117,55.5322, , , ,693563,0.0221618561101,10.791659035,55.541660845,1
Mtru,-5.51978,56.17053, , , ,677124,0.0436804483003,-5.541673645,56.208327485,1
Mtru,1.1433,53.44251, , , ,741565,0.0241940391641,1.124992755,53.458327595,1
Mtru,4.431964,54.165942, , , ,726974,0.0486998165286,4.458325955,54.124994235,1
Mtru,11.248752,57.251923, , , ,650939,0.0566866625092,11.208325685,57.291660775,1
Mtru,10.5858,55.9232, , , ,683414,0.0526306295147,10.624992375,55.958327495,1
Mtru,9.0747,56.6215, , , ,667170,0.0332251368966,9.041659105,56.624994135,1
Mtru,0.55761,50.74942, , , ,799043,0.0440794386667,0.541659445,50.708327705,1
Mtru,-5.855439,54.199855, , , ,724993,0.0213234521577,-5.875006965,54.208327565,1
Mtru,-3.88,48.7, , , ,843912,0.00970987140173,-3.875007045,48.708327785,1
Mtru,-5.09329,52.63933, , , ,758787,0.034806324277,-5.125006995,52.624994295,1
Mtru,8.2723,56.6533, , , ,667164,0.034292828716,8.291659135,56.624994135,1
Mtru,42.65,66.4525, , , ,484739,0.0256787875951,42.624991095,66.458327075,1
Mtru,-3.2818,47.64677, , , ,867968,0.0239094805643,-3.291673735,47.624994495,1
Mtru,10.2972,56.9267, , , ,659089,0.0321091572806,10.291659055,56.958327455,1
Mtru,1.88883,53.479, , , ,741574,0.0248760629503,1.874992725,53.458327595,1
Mtru,1.96478,52.29411, , , ,765701,0.00690297975615,1.958326055,52.291660975,1
Mtru,-5.4298,52.68437, , , ,757057,0.0372628149224,-5.458340315,52.708327625,1
Mtru,12.4417,56.7217, , , ,665176,0.0213362703273,12.458325635,56.708327465,1
Mtru,-6.0405,57.30193, , , ,650783,0.0103360716784,-6.041673625,57.291660775,1
Mtru,1.6121,55.21843, , , ,701580,0.0163793350569,1.624992735,55.208327525,1
Mtru,11.4462,56.8415, , , ,661121,0.0356214598763,11.458325675,56.874994125,1
Mtru,-6.74087,57.88168, , , ,636303,0.0332097142197,-6.708340265,57.874994085,1
Mtru,0.6891,51.42567, , , ,783032,0.037896792079,0.708326105,51.458327675,1
Mtru,-3.24413,53.96815, , , ,730630,0.0371130050406,-3.208340405,53.958327575,1
Mtru,1.07251,51.41343, , , ,784829,0.0492854699999,1.041659425,51.374994345,1
Mtru,-1.37315,55.1872, , , ,701544,0.0212089910221,-1.375007145,55.208327525,1
Mtru,-4.432212139,51.75629622, , , ,775962,0.0439698872201,-4.458340355,51.791660995,1
Mtru,3.785333,52.480046, , , ,762275,0.0226209999724,3.791659315,52.458327635,1
Mtru,1.9981,54.0002, , , ,728817,0.0574540977153,1.958326055,54.041660905,1
Mtru,11.126,55.4852, , , ,695586,0.0268913703355,11.124992355,55.458327515,1
Mtru,1.38254,52.98855, , , ,751908,0.0311504994041,1.374992745,52.958327615,1
Mtru,52.33333,80.475, , , ,56759,0.0448733712032,52.374990705,80.458326515,1
Mtru,-1.40352,55.52989, , , ,693433,0.0308469721734,-1.375007145,55.541660845,1
Mtru,31.70000076,79.18333435, , , ,92490,0.0263420108317,31.708324865,79.208326565,1
Mtru,4.04166667,52.06666667, , , ,770872,0.0250056860846,4.041659305,52.041660985,1
Mtru,9.4806,55.1261, , , ,703674,0.0223016769553,9.458325755,55.124994195,1
Mtru,-2.22538,56.22456, , , ,677139,0.023533826247,-2.208340445,56.208327485,1
Mtru,38.001,65.968, , , ,491176,0.0417927455758,38.041657945,65.958327095,1
Mtru,11.7202,54.9077, , , ,709659,0.0347946670953,11.708325665,54.874994205,1
Mtru,4.0,55.0, , , ,705615,0.0589162572269,4.041659305,55.041660865,1
Mtru,5.983333,53.858333, , , ,732551,0.0300491661354,5.958325895,53.874994245,1
Mtru,12.4745,56.2012, , , ,677293,0.0176751556027,12.458325635,56.208327485,1
Mtru,23.86333,76.11667, , , ,201874,0.014327486425,23.874991845,76.124993355,1
Mtru,58.14466667,70.19483333, , , ,417095,0.0238585363277,58.124990475,70.208326925,1
Mtru,35.65,64.96666667, , , ,503970,0.0263624575563,35.624991375,64.958327135,1
Mtru,-5.787,55.09546667, , , ,703540,0.0298951099135,-5.791673635,55.124994195,1
Mtru,3.06099452,51.4725017, , , ,783060,0.0239739854213,3.041659345,51.458327675,1
Mtru,11.7733,58.0042, , , ,632278,0.0417176235345,11.791658995,58.041660745,1
Mtru,-1.29134,50.76321, , , ,797223,0.0284529932525,-1.291673815,50.791661035,1
Mtru,-2.1503,56.6989, , , ,665011,0.0269927236112,-2.125007115,56.708327465,1
Mtru,40.33333333,66.35, , , ,485845,0.0485804916847,40.374991185,66.374993745,1
Mtru,1.43017,53.31213, , , ,745064,0.0348101591691,1.458326075,53.291660935,1
Mtru,40.11666667,65.68333333, , , ,494314,0.0263436236161,40.124991195,65.708327105,1
Mtru,-69.86944444,48.18166667, , , ,854287,0.0272347081917,-69.875004405,48.208327805,1
Mtru,40.6,66.13333333, , , ,489149,0.0263459169334,40.624991175,66.124993755,1
Mtru,-0.1348,54.089, , , ,726919,0.0373026002177,-0.125007195,54.124994235,1
Mtru,7.9,54.1833, , , ,725125,0.0353801472058,7.874992485,54.208327565,1
Mtru,5.875,53.63333333, , , ,738052,0.00833907831446,5.874992565,53.624994255,1
Mtru,-80.8333,72.0832999, , , ,358290,0.058880131586,-80.791670635,72.041660185,1
Mtru,3.155,56.535, , , ,669124,0.0307376947233,3.124992675,56.541660805,1
Mtru,9.562,56.953, , , ,659086,0.0210269969281,9.541659085,56.958327455,1
Mtru,-5.5,54.75, , , ,711450,0.0589165329943,-5.458340315,54.791660875,1
Mtru,-6.79894,58.2301, , , ,627901,0.0229531377955,-6.791673595,58.208327405,1
Mtru,10.8,54.03, , , ,728902,0.0143369593203,10.791659035,54.041660905,1
Mtru,3.87196,53.85787, , , ,732526,0.017390707361,3.874992645,53.874994245,1
Mtru,1.09527,50.49168, , , ,804489,0.044674568599,1.124992755,50.458327715,1
Mtru,37.60333333,66.1185, , , ,489123,0.022610535198,37.624991295,66.124993755,1
Mtru,1.69263,52.9085, , , ,753632,0.0369999918128,1.708326065,52.874994285,1
Mtru,-4.709984594,51.65127669, , , ,779461,0.0263337376595,-4.708340345,51.624994335,1
Mtru,-6.1414,56.45183, , , ,671074,0.0176337490554,-6.125006955,56.458327475,1
Mtru,-70.5,42.81700134, , , ,986415,0.0487633143995,-70.458337715,42.791661355,1
Mtru,10.4473,54.8668, , , ,709646,0.0137372263155,10.458325715,54.874994205,1
Mtru,-4.184722424,52.86000061, , , ,753620,0.0279753003037,-4.208340365,52.874994285,1
Mtru,-5.233889103,52.36999893, , , ,763960,0.0260325532494,-5.208340325,52.374994305,1
Mtru,-90.18333,63.26667, , , ,526906,0.0353535449077,-90.208336925,63.291660535,1
Mtru,-52.72999954,63.97000122, , , ,517199,0.0246066501114,-52.708338425,63.958327175,1
Mtru,-3.68447,53.3266, , , ,745040,0.0423146965382,-3.708340385,53.291660935,1
Mtru,4.998618,54.99931, , , ,707613,0.0574718447541,4.958325935,54.958327535,1
Mtru,-0.038335,53.570501, , , ,739772,0.0290327047568,-0.041673865,53.541660925,1
Mtru,10.4705,57.5733, , , ,644796,0.033900654959,10.458325715,57.541660765,1
Mtru,-53.11999893,63.91999817, , , ,517194,0.0386545484006,-53.125005075,63.958327175,1
Mtru,-3.42831,50.61281, , , ,800807,0.0324080795172,-3.458340395,50.624994375,1
Mtru,58.943,69.35133333, , , ,437969,0.0281891404576,58.958323775,69.374993625,1
Mtru,8.6058,56.6942, , , ,665140,0.0238313993767,8.624992455,56.708327465,1
Mtru,0.14039,54.11978, , , ,726922,0.0162561424836,0.124992795,54.124994235,1
Mtru,-6.78398,55.81837, , , ,687337,0.0277951596329,-6.791673595,55.791660835,1
Mtru,38.79333333,64.84333333, , , ,505048,0.0317047739725,38.791657915,64.874993805,1
Mtru,-8.583,54.336667, , , ,721149,0.0563635849829,-8.541673525,54.374994225,1
Mtru,3.70693,54.649283, , , ,715418,0.0243288686728,3.708325985,54.624994215,1
Mtru,-5.69703,57.5394, , , ,644648,0.0115340390834,-5.708340305,57.541660765,1
Mtru,-131.9499969,53.25, , , ,744376,0.0424871941787,-131.958335255,53.291660935,1
Mtru,-20.22999954,74.30000305, , , ,273319,0.0232110422852,-20.208339725,74.291660095,1
Mtru,-78.39088,70.19653, , , ,415960,0.0197790988566,-78.375004065,70.208326925,1
Mtru,53.40466667,70.14716667, , , ,419313,0.0370447098479,53.374990665,70.124993595,1
Mtru,30.10000038,80.81666565, , , ,47748,0.0353532404595,30.124991595,80.791659835,1
Mtru,5.0,55.5, , , ,693510,0.0589162148008,5.041659265,55.541660845,1
Mtru,4.531951,54.649292, , , ,715428,0.0261654954768,4.541659285,54.624994215,1
Mtru,-3.42231413,54.29931083, , , ,723107,0.0368295163606,-3.458340395,54.291660895,1
Mtru,6.212845,54.117348, , , ,726995,0.00888185285053,6.208325885,54.124994235,1
Mtru,3.41,57.24, , , ,652890,0.0472087305912,3.374992665,57.208327445,1
Mtru,4.924167,53.667222, , , ,736221,0.0534462529886,4.958325935,53.708327585,1
Mtru,11.758333,54.583333, , , ,715505,0.053350527439,11.791658995,54.624994215,1
Mtru,8.5661,55.0934, , , ,703671,0.0399443303669,8.541659125,55.124994195,1
Mtru,-2.4418,56.5791, , , ,669057,0.0409301760592,-2.458340435,56.541660805,1
Mtru,-4.0,54.0, , , ,728777,0.058916511782,-3.958340375,54.041660905,1
Mtru,6.0,56.0, , , ,681330,0.0589161723747,6.041659225,56.041660825,1
Mtru,0.20497,50.35611, , , ,806290,0.0191802912346,0.208326125,50.374994385,1
Mtru,39.73333333,65.7, , , ,494309,0.026358679877,39.708324545,65.708327105,1
Mtru,-131.4499969,52.47000122, , , ,761580,0.0143457688673,-131.458335275,52.458327635,1
Mtru,-132.8099976,54.18999863, , , ,724324,0.0259211062427,-132.791668555,54.208327565,1
Mtru,-5.69596,52.14159, , , ,769114,0.0207047992628,-5.708340305,52.124994315,1
Mtru,-9.006667,53.152, , , ,748445,0.0442127196075,-9.041673505,53.124994275,1
Mtru,-6.4315,57.045, , , ,656904,0.0270471942887,-6.458340275,57.041660785,1
Mtru,8.261666667,58.14, , , ,630133,0.0335369336976,8.291659135,58.124994075,1
Mtru,-79.93109894,32.21110153, , , ,1297296,0.0273791921465,-79.958337335,32.208328445,1
Mtru,5.498643,54.640969, , , ,715439,0.0433665896595,5.458325915,54.624994215,1
Mtru,-5.5,55.25, , , ,699514,0.0589165188519,-5.458340315,55.291660855,1
Mtru,1.8334,51.69902, , , ,777721,0.042621442968,1.874992725,51.708327665,1
Mtru,-3.6411,54.07704, , , ,728781,0.0388672515338,-3.625007055,54.041660905,1
Mtru,6.791181564,58.09793052, , , ,630126,0.0270677694059,6.791659195,58.124994075,1
Mtru,43.03333333,66.8, , , ,480331,0.0117832464392,43.041657745,66.791660395,1
Mtru,0.16543,55.70094, , , ,689402,0.0411064809773,0.124992795,55.708327505,1
Mtru,36.28333333,64.68333333, , , ,507232,0.0263437121265,36.291658015,64.708327145,1
Mtru,9.118738174,58.63613095, , , ,617742,0.012772870112,9.124992435,58.624994055,1
Mtru,-5.617353938,57.77935399, , , ,638415,0.0144922544861,-5.625006975,57.791660755,1
Mtru,37.34166667,64.15833333, , , ,515419,0.047138659556,37.374991305,64.124993835,1
Mtru,-4.916666508,52.11000061, , , ,769124,0.0442755618805,-4.875007005,52.124994315,1
Mtru,-74.6139,62.12284, , , ,545430,0.0113111865246,-74.625004215,62.124993915,1
Mtru,-1.5,58.25, , , ,625864,0.0589163208624,-1.458340475,58.291660735,1
Mtru,-66.7831,45.043335, , , ,928286,0.00873308494052,-66.791671195,45.041661265,1
Mtru,2.35804,52.21398, , , ,767420,0.0178701797378,2.374992705,52.208327645,1
Mtru,-5.70693,55.6971, , , ,689366,0.0113157336801,-5.708340305,55.708327505,1
Mtru,3.852222,52.82, , , ,755380,0.0363538683668,3.874992645,52.791660955,1
Mtru,-65.80601556,44.97985204, , , ,930337,0.025865938138,-65.791671235,44.958327935,1
Mtru,-3.5,58.25, , , ,627916,0.0589247644271,-3.458340395,58.208327405,1
Mtru,32.41666667,66.87166667, , , ,479211,0.0417908124609,32.458324835,66.874993725,1
Mtru,-4.21861124,52.61999893, , , ,758798,0.0114212321905,-4.208340365,52.624994295,1
Mtru,-76.71666667,63.45, , , ,524477,0.0117778534759,-76.708337465,63.458327195,1
Mtru,13.3,55.0, , , ,705714,0.042487657477,13.291658935,55.041660865,1
Mtru,-131.3899994,54.06999969, , , ,728100,0.0320626011383,-131.375001945,54.041660905,1
Mtru,-83.23333,62.06667, , , ,546712,0.0353569037184,-83.208337205,62.041660585,1
Mtru,12.08,54.2, , , ,725149,0.0392349559712,12.041658985,54.208327565,1
Mtru,-79.64890289,32.50780106, , , ,1287237,0.0414451875296,-79.625004015,32.541661765,1
Mtru,35.65,64.6, , , ,508356,0.0353570659508,35.624991375,64.624993815,1
Mtru,-5.032961501,51.55072242, , , ,781221,0.0125702443638,-5.041673665,51.541661005,1
Mtru,36.275,66.23333333, , , ,488061,0.0300466595937,36.291658015,66.208327085,1
Mtru,-64.28888889,48.80555556, , , ,841381,0.0141702992009,-64.291671295,48.791661115,1
Mtru,-5.02807,50.1831, , , ,809977,0.0286617830937,-5.041673665,50.208327725,1
Mtru,-151.6000061,59.48300171, , , ,596507,0.0351222944768,-151.625001135,59.458327355,1
Mtru,-1.5,55.75, , , ,687366,0.0589163915742,-1.458340475,55.791660835,1
Mtru,-52.16999817,64.05000305, , , ,516000,0.0392374151054,-52.208338445,64.041660505,1
Mtru,-132.75,53.5, , , ,739085,0.0589228406278,-132.791668555,53.541660925,1
Mtru,-4.20217,52.34717, , , ,763972,0.028500269349,-4.208340365,52.374994305,1
Mtru,7.5,54.25, , , ,723205,0.0589161794476,7.541659165,54.291660895,1
Mtru,0.54092,50.46575, , , ,804482,0.00745902765307,0.541659445,50.458327715,1
Mtru,-79.18333333,69.1, , , ,442072,0.0353536922654,-79.208337365,69.124993635,1
Mtru,-4.752500057,52.50999832, , , ,760516,0.0503695884002,-4.791673675,52.541660965,1
Mtru,4.79166667,53.3, , , ,745104,0.0083390682789,4.791659275,53.291660935,1
Mtru,-3.800394493,54.86058495, , , ,709507,0.0168427610142,-3.791673715,54.874994205,1
Mtru,10.91966667,54.9365, , , ,707674,0.0443955121395,10.958325695,54.958327535,1
Mtru,5.5,56.25, , , ,675208,0.0589161794453,5.541659245,56.291660815,1
Mtru,2.15,56.41, , , ,673161,0.043020625139,2.124992715,56.374994145,1
Mtru,8.0,56.0, , , ,681354,0.0589161158072,8.041659145,56.041660825,1
Mtru,1.29451,54.56378, , , ,717329,0.0223020421313,1.291659415,54.541660885,1
Mtru,7.818333333,58.01666667, , , ,632230,0.0365542823358,7.791659155,58.041660745,1
Mtru,-4.3169,51.32276667, , , ,786607,0.0400490728598,-4.291673695,51.291661015,1
Mtru,5.0,56.0, , , ,681318,0.0589162006584,5.041659265,56.041660825,1
Mtru,-1.2466,49.58718, , , ,823360,0.053793312501,-1.208340485,49.624994415,1
Mtru,-2.95142,48.77067, , , ,842065,0.0221024671183,-2.958340415,48.791661115,1
Mtru,14.477285,67.323954, , , ,473724,0.0374478139595,14.458325555,67.291660375,1
Mtru,-3.063055,53.493188, , , ,741552,0.04089505963,-3.041673745,53.458327595,1
Mtru,10.7605,59.886002, , , ,588236,0.0330463525378,10.791659035,59.874994005,1
Mtru,7.90832,63.07632, , , ,531790,0.0480832723197,7.874992485,63.041660545,1
Mtru,24.38993,70.73778, , , ,402162,0.0330247464397,24.374991825,70.708326905,1
Mtru,12.13933,65.4734, , , ,497462,0.0208029102143,12.124992315,65.458327115,1
Mtru,9.413717,63.588983, , , ,522747,0.0528807562991,9.374992425,63.624993855,1
Mtru,7.85135,63.453833, , , ,525322,0.0240658447945,7.874992485,63.458327195,1
Mtru,10.557333,63.435167, , , ,525349,0.02796546974,10.541659045,63.458327195,1
Mtru,8.524567,63.846, , , ,518973,0.0336568534611,8.541659125,63.874993845,1
Mtru,5.9792,58.458333, , , ,621838,0.0208741057525,5.958325895,58.458327395,1
Mtru,7.141762,62.535744, , , ,539625,0.0177826142219,7.124992515,62.541660565,1
Mtru,30.190339,70.546512, , , ,407214,0.0186288224181,30.208324925,70.541660245,1
Mtru,8.94858,63.46075, , , ,525335,0.0100424157661,8.958325775,63.458327195,1
Mtru,-69.352118,48.385702, , , ,850603,0.0252673654158,-69.375004425,48.374994465,1
Mtru,18.673181,69.892618, , , ,425616,0.0393159903366,18.708325385,69.874993605,1
Mtru,18.910372,69.687811, , , ,429870,0.0408979854644,18.874992045,69.708326945,1
Mtru,6.50727,62.802716, , , ,535688,0.0361225730628,6.541659205,62.791660555,1
Mtru,6.225981,62.497867, , , ,540950,0.0433023798644,6.208325885,62.458327235,1
Mtru,22.507272,78.383061, , , ,118978,0.0353203086132,22.541658565,78.374993265,1
Mtru,19.554339,69.797049, , , ,427790,0.0137778353026,19.541658685,69.791660275,1
Mtru,6.721024,62.491382, , , ,540956,0.0354098873436,6.708325865,62.458327235,1
Mtru,9.609728,58.883555, , , ,611622,0.0175012089812,9.624992415,58.874994045,1
Mtru,6.94775,62.899486, , , ,534379,0.0266779385664,6.958325855,62.874993885,1
Mtru,13.635878,68.121688, , , ,461564,0.0113765957743,13.624992255,68.124993675,1
Mtru,16.596285,68.669344, , , ,451034,0.0484125264722,16.624992135,68.708326985,1
Mtru,18.800149,69.321502, , , ,439430,0.0310259938872,18.791658715,69.291660295,1
Mtru,11.082776,58.543392, , , ,619818,0.0411534074686,11.041659025,58.541660725,1
Mtru,8.207386,53.573441, , , ,739860,0.0317939679883,8.208325805,53.541660925,1
Mtru,8.296752,54.740085, , , ,713526,0.0321632277918,8.291659135,54.708327545,1
Mtru,27.748987,76.248065, , , ,198739,0.056855341789,27.708325025,76.208326685,1
Mtru,27.611,76.485167, , , ,189429,0.0302683097493,27.624991695,76.458326675,1
Mtru,4.4,52.2, , , ,767444,0.0263575126982,4.374992625,52.208327645,1
Mtru,5.5,53.4, , , ,743374,0.0485878531823,5.541659245,53.374994265,1
Mtru,6.35,53.5, , , ,739849,0.0485825069077,6.374992545,53.541660925,1
Mtru,5.8,53.45, , , ,741621,0.0117863140663,5.791659235,53.458327595,1
Mtru,5.4,53.2, , , ,746829,0.0263575380113,5.374992585,53.208327605,1
Mtru,4.05,51.5, , , ,781281,0.042487722117,4.041659305,51.541661005,1
Mtru,5.1,53.25, , , ,745108,0.0485825412047,5.124992595,53.291660935,1
Mtru,3.05,53.6, , , ,738018,0.0263491804205,3.041659345,53.624994255,1
Mtru,-6.133807,56.657809, , , ,667027,0.0339743455709,-6.125006955,56.624994135,1
Mtru,-6.2505,52.438632, , , ,762222,0.0456419172496,-6.291673615,52.458327635,1
Mtru,-4.999287,53.381887, , , ,743286,0.0415227548508,-4.958340335,53.374994265,1
Mtru,-4.31674,54.84832, , , ,709504,0.0366037273885,-4.291673695,54.874994205,1
Mtru,-1.173862,59.211918, , , ,603481,0.0346649475349,-1.208340485,59.208327365,1
Mtru,-6.641356,57.50037, , , ,644637,0.0444096746291,-6.625006935,57.541660765,1
Mtru,-1.093646,60.862873, , , ,567875,0.0336220141495,-1.125007155,60.874993965,1
Mtru,-3.38584,53.35158, , , ,743303,0.0257988427299,-3.375007065,53.374994265,1
Mtru,-5.883986,52.770272, , , ,755328,0.0231972081407,-5.875006965,52.791660955,1
Mtru,0.1106,50.73055, , , ,799038,0.0264760824704,0.124992795,50.708327705,1
Mtru,-2.45006,50.60849, , , ,800819,0.0184651021641,-2.458340435,50.624994375,1
Mtru,-2.92958,50.727227, , , ,799009,0.0344143113031,-2.958340415,50.708327705,1
Mtru,-3.285907,56.047094, , , ,681218,0.00792304380532,-3.291673735,56.041660825,1
Mtru,-3.206607,59.799481, , , ,590011,0.00801012958694,-3.208340405,59.791660675,1
Mtru,-2.364387,59.761832, , , ,590021,0.0316628565115,-2.375007105,59.791660675,1
Mtru,-4.15623,57.68838, , , ,640511,0.0370509555548,-4.125007035,57.708327425,1
Mtru,-2.55545,59.28355, , , ,601507,0.0159864950555,-2.541673765,59.291660695,1
Mtru,-5.687433,53.508526, , , ,739740,0.039179569384,-5.708340305,53.541660925,1
Mtru,-4.76179,58.57478, , , ,619672,0.0446085239392,-4.791673675,58.541660725,1
Mtru,-7.01367,55.07988, , , ,705535,0.0473804079024,-7.041673585,55.041660865,1
Mtru,-1.944129,60.049137, , , ,584428,0.0160580521312,-1.958340455,60.041660665,1
Mtru,-4.379,58.51057, , , ,619677,0.0313460847695,-4.375007025,58.541660725,1
Mtru,-3.54309,58.61092, , , ,617630,0.0141451355249,-3.541673725,58.624994055,1
Mtru,-1.79082,55.68795, , , ,689379,0.0203953836916,-1.791673795,55.708327505,1
Mtru,-5.750724,53.200231, , , ,746747,0.0417423959442,-5.791673635,53.208327605,1
Mtru,-2.800107,48.997991, , , ,838337,0.0405498586758,-2.791673755,48.958327775,1
Mtru,-2.086292,60.288602, , , ,579161,0.0388357502808,-2.125007115,60.291660655,1
Mtru,-1.777957,59.488544, , , ,597651,0.0331842748923,-1.791673795,59.458327355,1
Mtru,-2.157952,49.18408, , , ,832749,0.0409062288063,-2.125007115,49.208327765,1
Mtru,-6.16721,52.625283, , , ,758774,0.0411312982382,-6.208340285,52.624994295,1
Mtru,-5.390363,50.101595, , , ,811884,0.0279881918502,-5.375006985,50.124994395,1
Mtru,-2.529584,49.437385, , , ,827120,0.024181840392,-2.541673765,49.458327755,1
Mtru,0.780908,57.582808, , , ,644686,0.0425286762397,0.791659435,57.541660765,1
Mtru,-5.152562,52.848618, , , ,753610,0.0381442880514,-5.125006995,52.874994285,1
Mtru,-10.364109,52.117028, , , ,769083,0.0134990330241,-10.375006785,52.124994315,1
Mtru,-6.050652,53.616834, , , ,737941,0.0121326410688,-6.041673625,53.624994255,1
Mtru,-2.07197,50.57472, , , ,802635,0.0448414445465,-2.041673785,50.541661045,1
Mtru,-5.107589,53.181909, , , ,746755,0.0316437867514,-5.125006995,53.208327605,1
Mtru,-5.87401,52.966914, , , ,751873,0.00864407002398,-5.875006965,52.958327615,1
Mtru,-4.76629,54.0851, , , ,726894,0.047285102757,-4.791673675,54.124994235,1
Mtru,-4.667694,53.175253, , , ,746760,0.0524028134528,-4.708340345,53.208327605,1
Mtru,-2.98869,56.1972, , , ,677130,0.0323251950048,-2.958340415,56.208327485,1
Mtru,-1.618569,60.882882, , , ,567869,0.0101818799069,-1.625007135,60.874993965,1
Mtru,-6.126488,56.882623, , , ,660966,0.00777130800172,-6.125006955,56.874994125,1
Mtru,-3.32321,59.12263, , , ,605439,0.0316247477718,-3.291673735,59.124994035,1
Mtru,-7.53176,56.92138, , , ,658924,0.0382543226575,-7.541673565,56.958327455,1
Mtru,-0.714801,49.490737, , , ,827135,0.033046893305,-0.708340505,49.458327755,1
Mtru,-1.626683,49.063599, , , ,836485,0.0220018126646,-1.625007135,49.041661105,1
Mtru,-0.46151,49.442409, , , ,827138,0.0162312167109,-0.458340515,49.458327755,1
Mtru,-7.217455,57.166722, , , ,652806,0.0425921567,-7.208340245,57.208327445,1
Mtru,-1.426527,59.850506, , , ,588144,0.0401467256505,-1.458340475,59.874994005,1
Mtru,-4.762671,52.990271, , , ,751886,0.0431455096437,-4.791673675,52.958327615,1
Mtru,0.967638,50.964084, , , ,793684,0.010947448195,0.958326095,50.958327695,1
Mtru,-4.361151,54.416774, , , ,719232,0.0438028236754,-4.375007025,54.458327555,1
Mtru,4.229748,57.549836, , , ,644727,0.0229289784083,4.208325965,57.541660765,1
Mtru,-9.964613,52.117081, , , ,769088,0.0100979893839,-9.958340135,52.124994315,1
Mtru,-2.783158,59.819485, , , ,590016,0.0290983014096,-2.791673755,59.791660675,1
Mtru,-4.775904,50.755527, , , ,797218,0.0394252601131,-4.791673675,50.791661035,1
Mtru,2.047574,57.982776, , , ,634279,0.0251538462089,2.041659385,57.958327415,1
Mtru,-4.935979,53.616864, , , ,737954,0.0237934938449,-4.958340335,53.624994255,1
Mtru,-135.334086,57.049175, , , ,656046,0.0416000587648,-135.375001785,57.041660785,1
Mtru,-2.126667,55.89833, , , ,685331,0.0233947945783,-2.125007115,55.874994165,1
Mtru,-4.48476,53.42591, , , ,741535,0.0418198291186,-4.458340355,53.458327595,1
Mtru,-1.84317,48.87701, , , ,840213,0.0319008619041,-1.875007125,48.874994445,1
Mtru,-1.50478,49.70059, , , ,821459,0.0376964924769,-1.541673805,49.708327745,1
Mtru,15.45352,68.148338, , , ,461586,0.0238338096854,15.458325515,68.124993675,1
Mtru,5.191283,59.244301, , , ,603558,0.0398065786984,5.208325925,59.208327365,1
Mtru,8.582382,54.302502, , , ,723217,0.0421412162364,8.541659125,54.291660895,1
Mtru,8.346176,55.413872, , , ,697602,0.0483929039661,8.374992465,55.374994185,1
Mtru,6.960212,53.679615, , , ,736245,0.0287744692452,6.958325855,53.708327585,1
Mtru,8.567823,54.681938, , , ,713529,0.0371612222663,8.541659125,54.708327545,1
Mtru,9.635696,57.305237, , , ,650929,0.0172881640755,9.624992415,57.291660775,1
Mtru,-10.282097,51.922844, , , ,772506,0.0367532075134,-10.291673455,51.958327655,1
Mtru,-9.55078,51.504096, , , ,781168,0.0386530492471,-9.541673485,51.541661005,1
Mtru,-9.904742,51.63887, , , ,779406,0.032813349431,-9.875006805,51.624994335,1
Mtru,13.914099,54.080341, , , ,728915,0.0550044365105,13.874992245,54.041660905,1
Mtru,1.1712,52.02694, , , ,770839,0.0399381219738,1.208326085,52.041660985,1
Mtru,-5.85716,55.97637, , , ,683257,0.0253780642758,-5.875006965,55.958327495,1
Mtru,-5.70228,56.38485, , , ,673091,0.0115700118615,-5.708340305,56.374994145,1
Mtru,-6.38226,58.09395, , , ,629986,0.0318801097777,-6.375006945,58.124994075,1
Mtru,-2.54454,56.01577, , , ,681227,0.0260489946496,-2.541673765,56.041660825,1
Mtru,2.62827,56.11982, , , ,679233,0.00612475371155,2.624992695,56.124994155,1
Mtru,2.40735,56.64959, , , ,667093,0.0406442014907,2.374992705,56.624994135,1
Mtru,2.24754,56.83952, , , ,661024,0.0528786139309,2.208326045,56.874994125,1
Mtru,-3.08127,58.25995, , , ,625845,0.050729026447,-3.041673745,58.291660735,1
Mtru,-5.27115,53.48203, , , ,741525,0.0313532202069,-5.291673655,53.458327595,1
Mtru,-4.53689,53.65633, , , ,737959,0.0316987784762,-4.541673685,53.624994255,1
Mtru,12.193732,56.365833, , , ,673251,0.0172308169306,12.208325645,56.374994145,1
Mtru,12.174382,56.850901, , , ,661130,0.0416251091068,12.208325645,56.874994125,1
Mtru,11.697538,57.069768, , , ,657074,0.0301062991948,11.708325665,57.041660785,1
Mtru,11.804258,57.575866, , , ,644812,0.036451790469,11.791658995,57.541660765,1
Mtru,11.744826,57.776064, , , ,638607,0.0396929870587,11.708325665,57.791660755,1
Mtru,7.711544,53.76231, , , ,734416,0.0295268159758,7.708325825,53.791660915,1
Mtru,-51.07,64.269997, , , ,512387,0.0356622000786,-51.041671825,64.291660495,1
Mtru,-135.566841,57.140591, , , ,653992,0.0296128409129,-135.541668445,57.124994115,1
Mtru,12.120016,56.563568, , , ,669218,0.0224652821871,12.124992315,56.541660805,1
Mtru,15.133333,67.9, , , ,465631,0.0263606680099,15.124992195,67.874993685,1
Mtru,13.488121,66.579999, , , ,483586,0.048555267744,13.458325595,66.541660405,1
Mtru,15.021667,67.450278, , , ,471545,0.0215513718962,15.041658865,67.458327035,1
Mtru,15.611315,68.616622, , , ,452610,0.0160358886071,15.624992175,68.624993655,1
Mtru,12.599258,66.14147, , , ,489070,0.0305568419253,12.624992295,66.124993755,1
Mtru,13.523333,66.916667, , , ,478108,0.045512632419,13.541658925,66.958327055,1
Mtru,17.358333,68.427778, , , ,455705,0.0347960755677,17.374992105,68.458326995,1
Mtru,15.03067,68.799462, , , ,449451,0.0134766999977,15.041658865,68.791660315,1
Mtru,15.451389,68.432778, , , ,455683,0.0264738812012,15.458325515,68.458326995,1
Mtru,14.570274,68.231455, , , ,460138,0.0367930558555,14.541658885,68.208327005,1
Mtru,12.035522,65.663203, , , ,495269,0.0386989335769,12.041658985,65.624993775,1
Mtru,8.081431,55.55698, , , ,693546,0.0426201473491,8.041659145,55.541660845,1
Mtru,8.846054,54.032375, , , ,728900,0.0303918020309,8.874992445,54.041660905,1
Mtru,5.120717,60.394633, , , ,577549,0.02009904532,5.124992595,60.374993985,1
Mtru,5.096133,59.86695, , , ,588223,0.0299596769008,5.124992595,59.874994005,1
Mtru,5.186467,59.594817, , , ,593904,0.0372621099304,5.208325925,59.624994015,1
Mtru,-67.587306,49.324682,Nick Beaudreau samples, , ,830151,0.0501154336735,-67.625004495,49.291661095,1
Mtru,-63.74955,67.20562,Siferd 1999, , ,474121,0.0413008265413,-63.708337985,67.208327045,1
Mtru,-64.03417,67.53237,Siferd 2001, , ,469727,0.011940705948,-64.041671305,67.541660365,1
Mtru,-68.08485,71.56167,Siferd 2002, , ,375080,0.0448639472011,-68.125004475,71.541660205,1
Mtru,-63.0143,67.3025,Siferd 2005, , ,473023,0.0294395651675,-63.041671345,67.291660375,1
Mtru,-81.75,69.38333,Gillis and Ballantyne 1999, , ,436865,0.0424885706493,-81.708337265,69.374993625,1
Mtru,-65.72643,66.143385,Dale et al 1989, , ,488385,0.025798484338,-65.708337905,66.124993755,1
Mtru,-125.675,69.4267,Source 19, Historical Data, , ,434713,0.0459512804629,-125.708335505,69.458326955,1
Mtru,-124.2783,70.19,Source 19, Historical Data, , ,415698,0.0226848745528,-124.291668895,70.208326925,1
Mtru,-106.3333,69.1667,Source 19, Historical Data, , ,440175,0.0588718368183,-106.291669615,69.208326965,1
Mtru,-78.0,72.683333,Roy and Gagnon, , ,335219,0.0485845888838,-77.958337415,72.708326825,1
Mtru,-69.566667,61.084167,Roy and Gagnon, , ,562424,0.0478710353059,-69.541671085,61.124993955,1
Mtru,-65.5,65.166667,Roy and Gagnon, , ,500042,0.0589176997307,-65.458337915,65.208327125,1
Mtru,-78.875,56.2,Roy and Gagnon, , ,676410,0.00832748598241,-78.875004045,56.208327485,1
Mtru,-94.075,72.75,Roy and Gagnon, , ,332112,0.053352135996,-94.041670105,72.791660155,1
Mtru,-94.28,74.636667,Roy and Gagnon, , ,258767,0.0165064746103,-94.291670095,74.624993415,1
Mtru,-76.666667,57.0,Roy and Gagnon, , ,656243,0.0589187179666,-76.625004135,57.041660785,1
Mtru,-105.383333,69.116667,Roy and Gagnon, , ,441896,0.0117780304093,-105.375002985,69.124993635,1
Mtru,-76.75,57.35,Roy and Gagnon, , ,648066,0.0485846900513,-76.708337465,57.374994105,1
Mtru,-94.1853,58.7889,KimTrawl, , ,612592,0.0232015966902,-94.208336765,58.791660715,1
Mtru,-80.92603,71.90708,KimTrawl, , ,363898,0.0455335391568,-80.958337295,71.874993525,1
Mtru,-61.847,56.4089,KimTrawl, , ,672418,0.0439758072764,-61.875004725,56.374994145,1
