Sp,lon,lat,Source,Field5,NEAR_FID,NEAR_DIST,NEAR_X,NEAR_Y,RASTERVALU
Slat,-151.7085,59.464233,OBIS, ,1027186,657.309002106,-151.708333333,59.4583333333,2
Slat,-147.728,60.484,OBIS, ,1005441,3057.54477493,-147.708333333,60.4583333333,2
Slat,-5.151125183,57.89428718,OBIS, ,1067002,2648.84380246,-5.125,57.875,2
Slat,-5.786430004,57.73844324,OBIS, ,1071185,3367.9102794,-5.79166666667,57.7083333333,2
Slat,12.48563,56.84713,OBIS, ,1091813,3521.97500215,12.4583333333,56.875,2
Slat,-151.894167,59.373333,OBIS, ,1029106,1105.36512039,-151.875,59.375,2
Slat,-7.307682,57.248328,OBIS, ,1083485,4557.79587145,-7.29166666667,57.2083333333,2
Slat,-6.869515135,58.23669152,OBIS, ,1058580,3174.98244089,-6.875,58.2083333333,2
Slat,-4.39196,53.113113,OBIS, ,1179147,1743.39261335,-4.375,53.125,2
Slat,-4.235884021,52.76202287,OBIS, ,1186028,3786.66797808,-4.20833333333,52.7916666667,2
Slat,-7.315181869,57.55378606,OBIS, ,1075309,1950.45361416,-7.29166666667,57.5416666667,2
Slat,-6.582562,58.086439,OBIS, ,1060664,4925.41787677,-6.54166666667,58.125,2
Slat,-9.627181,52.680366,OBIS, ,1187721,3115.71037041,-9.625,52.7083333333,2
Slat,-152.9016,57.3116,OBIS, ,1080375,2738.40974097,-152.875,57.2916666667,2
Slat,-132.5266571,54.05971909,OBIS, ,1158768,2236.93489535,-132.541666667,54.0416666667,2
Slat,-6.816999912,62.09999847,OBIS, ,976815,3084.28879516,-6.79166666667,62.125,2
Slat,-9.342604,53.043386,OBIS, ,1180834,2181.24828662,-9.375,53.0416666667,2
Slat,18.77383333,74.46916667,OBIS, ,697387,1321.56312194,18.7916666667,74.4583333333,2
Slat,-60.75,46.07,OBIS, ,1334808,4507.20443799,-60.7083333333,46.0416666667,2
Slat,-60.8,45.97,OBIS, ,1336815,1448.73151931,-60.7916666667,45.9583333333,2
Slat,-7.509351,55.264523,OBIS, ,1130169,3653.67014396,-7.54166666667,55.2916666667,2
Slat,-9.345402,53.133215,OBIS, ,1179121,2181.96283814,-9.375,53.125,2
Slat,-132.4392395,53.7121315,OBIS, ,1166134,1329.75589509,-132.458333333,53.7083333333,2
Slat,-1.615505,49.639971,GBIF, ,1254037,1800.85172477,-1.625,49.625,2
Slat,5.22,60.27,GBIF, ,1009928,2498.84121308,5.20833333333,60.2916666667,2
Slat,-61.41,45.65,GBIF, ,1344861,3894.52943177,-61.375,45.625,2
Slat,-69.705266,43.840279,GBIF, ,1388547,3865.70561793,-69.7083333333,43.875,2
Slat,-73.032291,41.187577,GBIF, ,1460786,2435.61904729,-73.0416666667,41.2083333333,2
Slat,-69.927604,43.797137,GBIF, ,1390719,2546.7682541,-69.9583333333,43.7916666667,2
Slat,-69.868628,43.910959,GBIF, ,1388545,4028.0809702,-69.875,43.875,2
Slat,-69.553623,43.835778,GBIF, ,1388549,4462.69867322,-69.5416666667,43.875,2
Slat,-53.129292,48.661971,GBIF, ,1275854,4123.42804746,-53.125,48.625,2
Slat,-68.268246,44.533208,GBIF, ,1371373,2085.30011462,-68.2916666667,44.5416666667,2
Slat,-67.19768,44.661185,GBIF, ,1369278,4108.9147425,-67.2083333333,44.625,2
Slat,-73.133337,41.145902,GBIF, ,1463101,2424.55067629,-73.125,41.125,2
Slat,-72.34306,41.01056,GBIF, ,1465409,4376.02059072,-72.375,41.0416666667,2
Slat,-72.53472,40.99111,GBIF, ,1467695,3686.62023934,-72.5416666667,40.9583333333,2
Slat,-130.4,54.3,GBIF, ,1153119,1873.49534122,-130.375,54.2916666667,2
Slat,-128.4,50.8,GBIF, ,1227227,1991.5496465,-128.375,50.7916666667,2
Slat,-139.6,59.6,GBIF, ,1023488,3122.29563752,-139.625,59.625,2
Slat,-128.08,52.21,GBIF, ,1197460,2626.92384704,-128.041666667,52.2083333333,2
Slat,-134.95,58.628,GBIF, ,1047385,588.265228717,-134.958333333,58.625,2
Slat,-127.62,50.18,GBIF, ,1239923,3171.75512589,-127.625,50.2083333333,2
Slat,-137.6,58.6,GBIF, ,1047372,3140.98679355,-137.625,58.625,2
Slat,-160.74,55.56,GBIF, ,1122990,2856.68632823,-160.708333333,55.5416666667,2
Slat,-136.5,58.1,GBIF, ,1059773,3712.94984936,-136.541666667,58.125,2
Slat,-118.047937,33.703487,GBIF, ,1681990,791.724523615,-118.041666667,33.7083333333,2
Slat,-97.386667,69.54,GBIF, ,863600,491.808554247,-97.375,69.5416666667,2
Slat,-136.104167,58.959722,GBIF, ,1039176,1208.74421114,-136.125,58.9583333333,2
Slat,-136.25,58.916667,GBIF, ,1039175,5224.77781938,-136.208333333,58.9583333333,2
Slat,-7.450222,57.238194,GBIF, ,1083484,3361.30461393,-7.45833333333,57.2083333333,2
Slat,-1.104683,50.835219,GBIF, ,1226132,4650.95824654,-1.125,50.875,2
Slat,-14.6025,65.758889,GBIF, ,923520,3797.36864931,-14.625,65.7916666667,2
Slat,-22.875,66.253056,GBIF, ,917176,4305.52953569,-22.875,66.2916666667,2
Slat,5.29974,60.39283,GBIF, ,1008231,2035.88458312,5.29166666667,60.375,2
Slat,-6.84356,62.22314,GBIF, ,975484,2323.52546744,-6.875,62.2083333333,2
Slat,-21.95528,64.15972,GBIF, ,945722,3873.42293992,-21.9583333333,64.125,2
Slat,-1.26435,49.58296,GBIF, ,1255924,4999.80292125,-1.29166666667,49.5416666667,2
Slat,19.59961,78.18858,GBIF, ,552503,2280.36921813,19.625,78.2083333333,2
Slat,-23.0,65.0,GBIF, ,933211,5043.68689016,-22.9583333333,65.0416666667,2
Slat,-6.67,62.299999,GBIF, ,974153,2195.19466946,-6.70833333333,62.2916666667,2
Slat,-6.53,62.200001,GBIF, ,975488,1109.53423841,-6.54166666667,62.2083333333,2
Slat,-18.842,66.194,GBIF, ,918325,2182.7562014,-18.875,66.2083333333,2
Slat,-68.516667,63.7358333,CAISN DFO, ,951400,3305.08115228,-68.5416666667,63.7083333333,2
Slat,-86.24611667,64.97395,SIMEP, ,933795,2493.33547962,-86.2083333333,64.9583333333,2
Slat,-85.61528333,65.9092,SIMEP, ,921981,3839.15036524,-85.625,65.875,2
Slat,-86.17373333,66.25005,SIMEP, ,916715,4894.11009447,-86.2083333333,66.2916666667,2
Slat,-51.94647216,64.12472217,Shoenrock et al,Slot,945468,578.626123774,-51.9583333333,64.125,2
Slat,-50.78220553,64.70891551,Shoenrock et al,Slot,937302,455.834648827,-50.7916666667,64.7083333333,2
Slat,-50.21204048,64.44782702,Shoenrock et al,Slot,940736,1184.80552512,-50.2083333333,64.4583333333,2
Slat,33.3793,69.1122,Filbee-Dexter et al, ,873552,1438.06566294,33.375,69.125,2
Slat,-77.85,72.7,Museum,Katie,765900,1246.43510671,-77.875,72.7083333333,2
Slat,-124.73,74.34,Museum,Katie,699671,3960.51505494,-124.708333333,74.375,2
Slat,-67.37,63.47,Museum,Katie,955238,1324.15752932,-67.375,63.4583333333,2
Slat,-66.87,62.99,Museum,Katie,962964,3538.70409391,-66.875,62.9583333333,2
Slat,-104.79,68.32,Museum,Katie,888343,3161.04465962,-104.791666667,68.2916666667,2
Slat,-86.23,66.51,Museum,Katie,913421,3660.38631482,-86.2083333333,66.5416666667,2
Slat,-89.85,68.53,Museum,Katie,883967,1654.25309624,-89.875,68.5416666667,2
Slat,-115.04,68.88,Museum,Katie,877519,561.753939102,-115.041666667,68.875,2
Slat,-66.155,43.7905,Saunders, ,1390765,2418.08975009,-66.125,43.7916666667,2
Slat,11.386,58.2615,OBIS, ,1056677,3421.46951374,11.375,58.2916666667,1
Slat,11.90937,57.37377,OBIS, ,1079581,2072.25265288,11.875,57.375,1
Slat,-70.87999725,41.43000031,OBIS, ,1453875,3174.32640416,-70.875,41.4583333333,1
Slat,3.93,51.529,OBIS, ,1211960,2418.8946366,3.95833333333,51.5416666667,1
Slat,11.49187,57.91714,OBIS, ,1065072,4999.59009543,11.4583333333,57.9583333333,1
Slat,-8.72005,54.26485,OBIS, ,1153756,3080.99052904,-8.70833333333,54.2916666667,1
Slat,-16.75,66.25,OBIS, ,917250,5009.16430697,-16.7083333333,66.2916666667,1
Slat,-5.936122475,56.68171848,OBIS, ,1095678,3261.17279381,-5.95833333333,56.7083333333,1
Slat,-60.93,45.86,OBIS, ,1338830,2760.39404088,-60.9583333333,45.875,1
Slat,-5.030672,50.165162,OBIS, ,1242566,4535.89546795,-5.04166666667,50.125,1
Slat,-151.47695,59.539133,OBIS, ,1025266,1090.35296086,-151.458333333,59.5416666667,1
Slat,-5.051026882,54.95248061,OBIS, ,1138209,885.494987445,-5.04166666667,54.9583333333,1
Slat,11.64825,57.6321,OBIS, ,1073440,1598.34665883,11.625,57.625,1
Slat,-4.46341,48.32465,OBIS, ,1283798,3686.90805529,-4.45833333333,48.2916666667,1
Slat,12.89128,56.47077,OBIS, ,1101927,1710.21286842,12.875,56.4583333333,1
Slat,-152.777283,58.4297,OBIS, ,1051298,3298.09892476,-152.791666667,58.4583333333,1
Slat,-4.673743,52.837356,OBIS, ,1184295,4793.53589499,-4.70833333333,52.875,1
Slat,-66.4667,45.05,OBIS, ,1358970,1136.73313991,-66.4583333333,45.0416666667,1
Slat,-5.648172552,55.98280302,OBIS, ,1113940,3084.85679869,-5.625,55.9583333333,1
Slat,12.72114,55.89632,OBIS, ,1116166,2505.39342513,12.7083333333,55.875,1
Slat,-70.58000183,41.50999832,OBIS, ,1451578,4754.79082447,-70.5416666667,41.5416666667,1
Slat,-147.383167,60.6145,OBIS, ,1002219,1252.48412815,-147.375,60.625,1
Slat,-22.01666667,64.4,OBIS, ,942122,3036.94717912,-22.0416666667,64.375,1
Slat,1.58859,50.82928,OBIS, ,1227936,4908.57302255,1.625,50.7916666667,1
Slat,-1.481616043,60.29894249,OBIS, ,1009849,1521.51846878,-1.45833333333,60.2916666667,1
Slat,-4.633943303,53.42245725,OBIS, ,1172213,4036.79873819,-4.625,53.4583333333,1
Slat,-5.610640836,57.77954561,OBIS, ,1069095,1597.50368575,-5.625,57.7916666667,1
Slat,-94.21579742,58.7867012,OBIS, ,1043272,701.589047047,-94.2083333333,58.7916666667,1
Slat,-2.52679,47.30227,OBIS, ,1306257,1629.62876146,-2.54166666667,47.2916666667,1
Slat,-154.12925,56.946533,OBIS, ,1088546,1339.27934528,-154.125,56.9583333333,1
Slat,-5.079644934,55.54878736,OBIS, ,1124105,2524.99996478,-5.04166666667,55.5416666667,1
Slat,-4.866086689,54.65847354,OBIS, ,1146022,3770.34732828,-4.875,54.625,1
Slat,-3.42231413,54.29931083,OBIS, ,1153787,2494.81150794,-3.45833333333,54.2916666667,1
Slat,-70.88182068,42.52133179,OBIS, ,1423896,2327.34125185,-70.875,42.5416666667,1
Slat,-2.97934374,59.1279007,OBIS, ,1036123,1245.78503461,-2.95833333333,59.125,1
Slat,-147.4075,60.3,OBIS, ,1008798,2022.94405673,-147.375,60.2916666667,1
Slat,-4.367352,52.664034,OBIS, ,1189476,4374.42542803,-4.375,52.625,1
Slat,-61.72947,47.28522,OBIS, ,1305562,1752.1871433,-61.7083333333,47.2916666667,1
Slat,-5.102530197,58.40603112,OBIS, ,1054457,3697.80271196,-5.125,58.375,1
Slat,-60.96342,45.3267,OBIS, ,1352933,3913.90948181,-60.9583333333,45.2916666667,1
Slat,-5.697776877,57.26451603,OBIS, ,1081467,3089.94540017,-5.70833333333,57.2916666667,1
Slat,-5.296892706,56.54565792,OBIS, ,1099733,548.513090798,-5.29166666667,56.5416666667,1
Slat,-6.485662119,57.05531509,OBIS, ,1087584,2249.72784763,-6.45833333333,57.0416666667,1
Slat,-123.494,48.80672,OBIS, ,1272028,3109.36482906,-123.458333333,48.7916666667,1
Slat,-54.88600159,47.63199997,OBIS, ,1298037,1135.53441057,-54.875,47.625,1
Slat,-4.70483,48.56505,OBIS, ,1278283,2613.08222933,-4.70833333333,48.5416666667,1
Slat,-124.465,49.359,OBIS, ,1258932,1844.17421006,-124.458333333,49.375,1
Slat,-4.779911053,51.63614905,OBIS, ,1210140,1483.66899613,-4.79166666667,51.625,1
Slat,-61.46737,47.77792,OBIS, ,1294245,1671.72858444,-61.4583333333,47.7916666667,1
Slat,-69.95290375,41.80870056,OBIS, ,1444683,1945.0141097,-69.9583333333,41.7916666667,1
Slat,-69.39700317,48.35100174,OBIS, ,1281283,3127.2139265,-69.375,48.375,1
Slat,-66.34200287,44.2879982,OBIS, ,1377784,2665.01621909,-66.375,44.2916666667,1
Slat,-0.38776221,54.28253833,OBIS, ,1153790,1312.69949515,-0.375,54.2916666667,1
Slat,-152.35925,57.7707,OBIS, ,1068013,2516.12118282,-152.375,57.7916666667,1
Slat,11.83752,58.13323,OBIS, ,1060855,2391.00829116,11.875,58.125,1
Slat,19.14233333,74.356,OBIS, ,700938,2183.84158867,19.125,74.375,1
Slat,-70.50237274,41.77106857,OBIS, ,1444676,3988.11883589,-70.5416666667,41.7916666667,1
Slat,-4.748048,54.004556,OBIS, ,1159448,4882.31300193,-4.70833333333,54.0416666667,1
Slat,-4.104914,50.240908,OBIS, ,1240668,3896.59860944,-4.125,50.2083333333,1
Slat,-146.749,60.965,OBIS, ,995995,2324.89591259,-146.708333333,60.9583333333,1
Slat,-67.14915,44.87086,OBIS, ,1363053,1963.0304887,-67.125,44.875,1
Slat,-131.9922028,53.24962997,OBIS, ,1176781,5122.35490652,-131.958333333,53.2083333333,1
Slat,12.48586,56.29981,OBIS, ,1105944,1930.51870474,12.4583333333,56.2916666667,1
Slat,-153.865717,57.551417,OBIS, ,1074231,1219.88971741,-153.875,57.5416666667,1
Slat,-147.113,60.381167,OBIS, ,1007114,954.098411694,-147.125,60.375,1
Slat,-5.342045279,51.86886326,OBIS, ,1204927,2370.19820777,-5.375,51.875,1
Slat,-5.440161686,57.96858881,OBIS, ,1064882,1568.97060885,-5.45833333333,57.9583333333,1
Slat,-5.674433247,56.1915499,OBIS, ,1107802,2814.22553476,-5.70833333333,56.2083333333,1
Slat,-0.870635,50.614231,OBIS, ,1231517,1237.14204019,-0.875,50.625,1
Slat,12.9291,55.65387,OBIS, ,1122232,3704.0901581,12.9583333333,55.625,1
Slat,-4.253452101,53.38663684,OBIS, ,1173972,2853.78420965,-4.29166666667,53.375,1
Slat,-17.16667,66.2,OBIS, ,918345,2094.05160907,-17.2083333333,66.2083333333,1
Slat,-7.123636629,57.6202152,OBIS, ,1073250,539.07906118,-7.125,57.625,1
Slat,-5.046057585,51.70330169,OBIS, ,1208376,636.82092166,-5.04166666667,51.7083333333,1
Slat,-145.25755,70.0245,OBIS, ,850639,2315.1076429,-145.291666667,70.0416666667,1
Slat,-4.10775866,52.37949243,OBIS, ,1194653,1276.1092416,-4.125,52.375,1
Slat,-4.091308264,51.54476275,OBIS, ,1211912,2362.60458182,-4.125,51.5416666667,1
Slat,11.21968,59.0856,OBIS, ,1036251,4436.93352973,11.2083333333,59.125,1
Slat,-4.175922,54.735414,OBIS, ,1144082,3667.33218982,-4.20833333333,54.7083333333,1
Slat,-3.44434041,54.79523218,OBIS, ,1142153,983.689737345,-3.45833333333,54.7916666667,1
Slat,-4.989223509,52.00429155,OBIS, ,1201515,4668.01806169,-4.95833333333,52.0416666667,1
Slat,-10.44696355,52.17235803,OBIS, ,1198052,4077.8215389,-10.4583333333,52.2083333333,1
Slat,-14.38333333,64.7,OBIS, ,937536,1010.52004342,-14.375,64.7083333333,1
Slat,0.26257,49.72997,OBIS, ,1252161,3192.78459328,0.291666666667,49.7083333333,1
Slat,-123.336,48.4981,OBIS, ,1279435,5279.04871662,-123.375,48.4583333333,1
Slat,-5.740063983,57.02677431,OBIS, ,1087593,2542.0525876,-5.70833333333,57.0416666667,1
Slat,-8.38947,54.87705,OBIS, ,1140168,956.471531471,-8.375,54.875,1
Slat,-9.47697,52.81655,OBIS, ,1186002,3040.97578353,-9.45833333333,52.7916666667,1
Slat,-131.9255219,53.04650879,OBIS, ,1180206,2265.63952802,-131.958333333,53.0416666667,1
Slat,-70.10529327,43.82093811,OBIS, ,1390717,3618.29280891,-70.125,43.7916666667,1
Slat,-7.20259133,52.13571908,OBIS, ,1199776,1255.85274963,-7.20833333333,52.125,1
Slat,-131.5639343,52.96070099,OBIS, ,1181927,1519.40553192,-131.541666667,52.9583333333,1
Slat,-2.42461,50.528998,OBIS, ,1233310,2775.29081073,-2.45833333333,50.5416666667,1
Slat,-1.165406335,59.99738874,OBIS, ,1016960,4901.38888034,-1.125,59.9583333333,1
Slat,-0.42883,49.35283,OBIS, ,1259699,3266.83010505,-0.458333333333,49.375,1
Slat,-7.223622544,57.08964361,OBIS, ,1085532,4044.88604924,-7.20833333333,57.125,1
Slat,-5.534333291,57.5497394,OBIS, ,1075330,1000.56568138,-5.54166666667,57.5416666667,1
Slat,-3.585628547,54.56919667,OBIS, ,1147981,3984.98193059,-3.625,54.5416666667,1
Slat,-8.97127,53.25614,OBIS, ,1175693,4046.90639389,-8.95833333333,53.2916666667,1
Slat,-9.800819,51.65511,OBIS, ,1210087,3409.44279558,-9.79166666667,51.625,1
Slat,-6.017161,54.022916,OBIS, ,1159432,2633.28265448,-6.04166666667,54.0416666667,1
Slat,-6.214325,56.390508,OBIS, ,1103766,1766.019715,-6.20833333333,56.375,1
Slat,-147.579,70.322,OBIS, ,843754,3664.09817945,-147.541666667,70.2916666667,1
Slat,-66.89099884,45.0379982,OBIS, ,1358965,1324.86937068,-66.875,45.0416666667,1
Slat,-4.448478,54.100937,OBIS, ,1157577,2754.83957843,-4.45833333333,54.125,1
Slat,-0.909034777,54.583656,OBIS, ,1146043,5100.80053353,-0.875,54.625,1
Slat,-2.517718657,59.22127367,OBIS, ,1034145,1987.21157501,-2.54166666667,59.2083333333,1
Slat,-6.00857,52.79338,OBIS, ,1186006,2240.78173857,-6.04166666667,52.7916666667,1
Slat,-71.36100006,41.47900009,OBIS, ,1453869,2576.08152358,-71.375,41.4583333333,1
Slat,-4.528183262,53.22556623,OBIS, ,1177442,2118.82474275,-4.54166666667,53.2083333333,1
Slat,-69.06128693,44.20948029,OBIS, ,1379904,1573.30483711,-69.0416666667,44.2083333333,1
Slat,-4.157336764,57.50440358,OBIS, ,1075333,4579.97486255,-4.125,57.5416666667,1
Slat,-3.85667487,57.82906547,OBIS, ,1069100,4305.35696767,-3.875,57.7916666667,1
Slat,-70.59200287,43.16600037,OBIS, ,1408216,5287.05111519,-70.625,43.125,1
Slat,-64.83000183,46.95999908,OBIS, ,1313208,2923.71003881,-64.7916666667,46.9583333333,1
Slat,-71.04972076,42.3572197,OBIS, ,1428484,2083.49677224,-71.0416666667,42.375,1
Slat,-4.967699,50.58188,OBIS, ,1233296,4522.28260016,-4.95833333333,50.5416666667,1
Slat,-3.19155,58.845085,OBIS, ,1042185,3470.21243168,-3.20833333333,58.875,1
Slat,-2.161218,55.833123,OBIS, ,1118038,5143.97613734,-2.125,55.7916666667,1
Slat,-70.24314117,43.66230011,OBIS, ,1395094,5006.21234061,-70.2083333333,43.625,1
Slat,-3.847226203,53.3135953,OBIS, ,1175718,3063.38628453,-3.875,53.2916666667,1
Slat,-23.03,64.72,OBIS, ,937526,1414.64905237,-23.0416666667,64.7083333333,1
Slat,-9.92798,54.26553,OBIS, ,1153741,3517.51812397,-9.95833333333,54.2916666667,1
Slat,-0.076735,54.114402,OBIS, ,1157600,2578.66756823,-0.0416666666667,54.125,1
Slat,-153.388683,57.156683,OBIS, ,1084459,3624.23974675,-153.375,57.125,1
Slat,-17.63333,65.98333,OBIS, ,921477,2812.90597401,-17.625,65.9583333333,1
Slat,-60.63,46.11,OBIS, ,1332805,1711.51463381,-60.625,46.125,1
Slat,-1.429640447,50.72969953,OBIS, ,1229700,3123.34890778,-1.45833333333,50.7083333333,1
Slat,-2.001357,50.529774,OBIS, ,1233315,3149.14570182,-2.04166666667,50.5416666667,1
Slat,-0.299,50.787158,OBIS, ,1227914,720.394420207,-0.291666666667,50.7916666667,1
Slat,-2.329268,56.821056,OBIS, ,1093672,3998.32144009,-2.29166666667,56.7916666667,1
Slat,-3.684417,50.247767,OBIS, ,1240673,4706.63386505,-3.70833333333,50.2083333333,1
Slat,141.75,45.4,OBIS, ,1351772,4285.73968992,141.791666667,45.375,1
Slat,-9.740788,51.460563,OBIS, ,1213626,2269.26776649,-9.70833333333,51.4583333333,1
Slat,-6.3435,49.914164,OBIS, ,1248281,4909.00425237,-6.375,49.875,1
Slat,-9.774966,52.678245,OBIS, ,1187719,3533.5188733,-9.79166666667,52.7083333333,1
Slat,-8.82,42.23,OBIS, ,1433849,3356.29878289,-8.79166666667,42.2083333333,1
Slat,-5.350946,55.787551,OBIS, ,1118031,1576.98145401,-5.375,55.7916666667,1
Slat,-3.173030082,54.07187394,OBIS, ,1159466,4080.38764315,-3.20833333333,54.0416666667,1
Slat,-8.93999958,42.54000092,OBIS, ,1424639,1517.36008587,-8.95833333333,42.5416666667,1
Slat,-62.38,44.91,OBIS, ,1363081,3909.54127446,-62.375,44.875,1
Slat,-5.681200899,56.49709035,OBIS, ,1101757,4628.15835464,-5.70833333333,56.4583333333,1
Slat,-6.816999912,61.53300095,OBIS, ,986441,1657.80632396,-6.79166666667,61.5416666667,1
Slat,-132.2456055,53.7580986,OBIS, ,1164305,4471.82880508,-132.208333333,53.7916666667,1
Slat,-2.547006674,56.18384101,OBIS, ,1107815,2747.18015308,-2.54166666667,56.2083333333,1
Slat,-2.647702067,56.51761359,OBIS, ,1099735,3020.78999133,-2.625,56.5416666667,1
Slat,-4.61186405,58.5320045,OBIS, ,1050354,1320.48547212,-4.625,58.5416666667,1
Slat,-2.372052,49.42345,OBIS, ,1257802,3885.55059015,-2.375,49.4583333333,1
Slat,-5.346353,49.941873,OBIS, ,1246387,2753.0211434,-5.375,49.9583333333,1
Slat,-5.702335,54.197031,OBIS, ,1155675,1317.53790075,-5.70833333333,54.2083333333,1
Slat,-2.24597,47.13715,OBIS, ,1310088,3158.85190062,-2.20833333333,47.125,1
Slat,-10.327896,51.949598,OBIS, ,1203186,2673.63483719,-10.2916666667,51.9583333333,1
Slat,-6.827309619,56.46855308,OBIS, ,1101746,2474.38178754,-6.79166666667,56.4583333333,1
Slat,-63.0,46.5,OBIS, ,1322910,5628.06556382,-62.9583333333,46.5416666667,1
Slat,1.441416,51.388768,OBIS, ,1215514,1932.22180594,1.45833333333,51.375,1
Slat,-7.508277778,55.09611111,OBIS, ,1134211,3857.91209358,-7.54166666667,55.125,1
Slat,-7.247,43.578,OBIS, ,1398021,5104.48233159,-7.20833333333,43.5416666667,1
Slat,-124.139,49.291,OBIS, ,1260811,1021.11240767,-124.125,49.2916666667,1
Slat,-13.78333333,65.2,OBIS, ,931110,1007.71146058,-13.7916666667,65.2083333333,1
Slat,-4.533037924,54.71444887,OBIS, ,1144078,879.059839456,-4.54166666667,54.7083333333,1
Slat,-61.50023,47.59786,OBIS, ,1297964,4337.14933406,-61.5416666667,47.625,1
Slat,-6.725572,55.177967,OBIS, ,1132200,3554.39699404,-6.70833333333,55.2083333333,1
Slat,-2.966073,56.09899,OBIS, ,1109846,2935.80857513,-2.95833333333,56.125,1
Slat,-3.24988,47.31686,OBIS, ,1306249,4209.10786394,-3.20833333333,47.2916666667,1
Slat,-65.38,44.94,OBIS, ,1361022,2075.25536984,-65.375,44.9583333333,1
Slat,7.887592019,54.15673644,OBIS, ,1157695,3627.09845637,7.875,54.125,1
Slat,-9.7708,53.29388,OBIS, ,1175688,1413.07041921,-9.79166666667,53.2916666667,1
Slat,-56.36000061,47.00600052,OBIS, ,1311382,4125.75940929,-56.375,47.0416666667,1
Slat,-23.73,64.73,OBIS, ,937518,2627.13192561,-23.7083333333,64.7083333333,1
Slat,-68.55891,44.37394,OBIS, ,1375615,1379.33221351,-68.5416666667,44.375,1
Slat,-57.96300125,49.68199921,OBIS, ,1251480,2948.26350412,-57.9583333333,49.7083333333,1
Slat,-70.81798553,42.8992157,OBIS, ,1414846,3443.73128697,-70.7916666667,42.875,1
Slat,-4.75995,54.184098,OBIS, ,1155686,3400.31954177,-4.79166666667,54.2083333333,1
Slat,-123.8050003,48.36199951,OBIS, ,1281265,1750.945182,-123.791666667,48.375,1
Slat,-124.7009964,49.84000015,OBIS, ,1247569,3928.49148433,-124.708333333,49.875,1
Slat,-9.497758,51.521133,OBIS, ,1211849,3564.22112133,-9.45833333333,51.5416666667,1
Slat,-9.010000229,43.22999954,OBIS, ,1406771,3523.32052027,-9.04166666667,43.2083333333,1
Slat,-4.52999,50.322376,OBIS, ,1238771,3515.77285433,-4.54166666667,50.2916666667,1
Slat,-2.728114088,58.89872054,OBIS, ,1042191,2877.98935161,-2.70833333333,58.875,1
Slat,-1.47919,49.69011,OBIS, ,1252140,2524.30293841,-1.45833333333,49.7083333333,1
Slat,-6.148,53.34433,OBIS, ,1173952,3741.10507175,-6.125,53.375,1
Slat,-7.79369,51.94663,OBIS, ,1203189,1309.59722167,-7.79166666667,51.9583333333,1
Slat,-65.80601556,44.97985204,OBIS, ,1361017,2645.78010492,-65.7916666667,44.9583333333,1
Slat,-5.97324,54.920695,OBIS, ,1138198,4297.52910441,-5.95833333333,54.9583333333,1
Slat,-61.69155,47.47823,OBIS, ,1301762,2548.40373975,-61.7083333333,47.4583333333,1
Slat,-58.41400146,49.11399841,OBIS, ,1264664,3098.74680004,-58.375,49.125,1
Slat,-4.061446,58.511565,OBIS, ,1050361,3545.43982563,-4.04166666667,58.5416666667,1
Slat,-53.7519989,48.65499878,OBIS, ,1275846,4435.64448216,-53.7916666667,48.625,1
Slat,-2.4057,46.7322,OBIS, ,1319726,3542.31031605,-2.375,46.7083333333,1
Slat,-0.004883088,53.76301083,OBIS, ,1165003,4006.60064962,-0.0416666666667,53.7916666667,1
Slat,-5.04346,48.47204,OBIS, ,1280113,1529.93149618,-5.04166666667,48.4583333333,1
Slat,-60.49,46.24,OBIS, ,1330813,4284.68752017,-60.4583333333,46.2083333333,1
Slat,-10.608076,51.763934,OBIS, ,1206591,3299.30560216,-10.625,51.7916666667,1
Slat,-62.02658,47.23755,OBIS, ,1307466,3443.29011802,-62.0416666667,47.2083333333,1
Slat,-7.997985329,57.00083763,OBIS, ,1087566,5145.19093415,-7.95833333333,57.0416666667,1
Slat,-3.46588,47.62132,OBIS, ,1298646,699.422891303,-3.45833333333,47.625,1
Slat,-6.130842,57.112755,OBIS, ,1085545,1408.80253416,-6.125,57.125,1
Slat,-2.91672,47.56555,OBIS, ,1300554,4106.23432338,-2.95833333333,47.5416666667,1
Slat,-2.01807,48.60463,OBIS, ,1276452,2856.27160087,-2.04166666667,48.625,1
Slat,-124.8700027,49.69029999,OBIS, ,1251365,2037.86969872,-124.875,49.7083333333,1
Slat,-60.35100174,46.88199997,OBIS, ,1315181,1987.97920911,-60.375,46.875,1
Slat,-1.82291,48.86885,OBIS, ,1270894,2391.85190858,-1.79166666667,48.875,1
Slat,4.754722222,52.97722222,OBIS, ,1182629,3252.683683,4.79166666667,52.9583333333,1
Slat,20.23,74.3,Borum et al, ,704480,1137.51079172,20.2083333333,74.2916666667,1
Slat,-74.083119,40.572878,GBIF, ,1479115,4933.37798183,-74.0416666667,40.5416666667,1
Slat,-18.165969,65.782799,GBIF, ,923515,2120.3382153,-18.125,65.7916666667,1
Slat,11.249333,57.425667,GBIF, ,1077528,4392.7713908,11.2083333333,57.4583333333,1
Slat,-64.06,67.52,GBIF, ,900407,2539.91961507,-64.0416666667,67.5416666667,1
Slat,-63.92,44.49,GBIF, ,1373523,4656.67901889,-63.9583333333,44.4583333333,1
Slat,-62.55,46.47,GBIF, ,1324877,1446.24116971,-62.5416666667,46.4583333333,1
Slat,-64.76,45.17,GBIF, ,1354935,4933.79267659,-64.7916666667,45.2083333333,1
Slat,-125.15,48.84,GBIF, ,1270158,4302.90398865,-125.125,48.875,1
Slat,5.15,60.18,GBIF, ,1011634,3447.96890446,5.125,60.2083333333,1
Slat,-64.38,46.74,GBIF, ,1318992,3540.93042705,-64.375,46.7083333333,1
Slat,-63.99,47.0,GBIF, ,1311291,5220.41666094,-63.9583333333,47.0416666667,1
Slat,-64.34,60.23,GBIF, ,1010809,3096.9862639,-64.375,60.2083333333,1
Slat,-62.07,46.47,GBIF, ,1324883,2533.46691978,-62.0416666667,46.4583333333,1
Slat,-61.31,56.77,GBIF, ,1093002,2660.29013799,-61.2916666667,56.7916666667,1
Slat,5.06,60.44,GBIF, ,1006560,2278.35460074,5.04166666667,60.4583333333,1
Slat,-64.71,46.67,GBIF, ,1318988,4263.22322407,-64.7083333333,46.7083333333,1
Slat,-63.54,50.23,GBIF, ,1239972,2412.98810362,-63.5416666667,50.2083333333,1
Slat,-63.52,59.3,GBIF, ,1031455,1544.68194602,-63.5416666667,59.2916666667,1
Slat,-124.06,49.62,GBIF, ,1253271,1436.67975881,-124.041666667,49.625,1
Slat,-123.39,48.65,GBIF, ,1275751,2991.81396439,-123.375,48.625,1
Slat,-131.7971,55.4731,GBIF, ,1125356,1679.5392931,-131.791666667,55.4583333333,1
Slat,-146.604444,60.330278,GBIF, ,1008807,4449.50369605,-146.625,60.2916666667,1
Slat,-63.549167,44.566667,GBIF, ,1371406,2841.31428821,-63.5416666667,44.5416666667,1
Slat,-123.006568,48.5351,GBIF, ,1277599,2692.78143784,-123.041666667,48.5416666667,1
Slat,-68.137835,44.354077,GBIF, ,1375619,2540.11299039,-68.125,44.375,1
Slat,11.008333,58.9,GBIF, ,1042319,3383.75149073,11.0416666667,58.875,1
Slat,8.425481,55.020619,GBIF, ,1136348,3146.94034781,8.45833333333,55.0416666667,1
Slat,-122.610364,48.13612,GBIF, ,1286809,1647.95736532,-122.625,48.125,1
Slat,-122.609009,47.646264,GBIF, ,1297911,2652.08518684,-122.625,47.625,1
Slat,-70.650037,42.085658,GBIF, ,1435422,4835.79550962,-70.625,42.125,1
Slat,-70.624757,42.968142,GBIF, ,1412621,1089.84494622,-70.625,42.9583333333,1
Slat,-70.333659,43.456475,GBIF, ,1399470,3352.23638929,-70.375,43.4583333333,1
Slat,-69.11945,43.99892,GBIF, ,1386377,4531.59093254,-69.125,43.9583333333,1
Slat,-72.208473,41.295524,GBIF, ,1458482,428.553550156,-72.2083333333,41.2916666667,1
Slat,-139.760833,59.5975,GBIF, ,1023486,3523.61954793,-139.791666667,59.625,1
Slat,-122.978348,48.429305,GBIF, ,1279440,3551.34855853,-122.958333333,48.4583333333,1
Slat,-122.686291,48.729533,GBIF, ,1273903,2861.54563107,-122.708333333,48.7083333333,1
Slat,-71.873253,41.067516,GBIF, ,1465415,2874.45100755,-71.875,41.0416666667,1
Slat,-70.713501,42.696062,GBIF, ,1419352,1427.42613338,-70.7083333333,42.7083333333,1
Slat,-69.322775,43.756685,GBIF, ,1390727,4623.78321688,-69.2916666667,43.7916666667,1
Slat,-53.16556,47.738344,GBIF, ,1296154,4515.89965699,-53.125,47.7083333333,1
Slat,-63.309691,46.148048,GBIF, ,1332780,2916.00203066,-63.2916666667,46.125,1
Slat,-58.775287,48.530319,GBIF, ,1277686,1747.99931522,-58.7916666667,48.5416666667,1
Slat,-68.806567,44.351809,GBIF, ,1375613,2837.53224042,-68.7916666667,44.375,1
Slat,-68.816315,43.854688,GBIF, ,1388558,3003.24471543,-68.7916666667,43.875,1
Slat,-68.833386,44.036904,GBIF, ,1384217,3377.21619698,-68.875,44.0416666667,1
Slat,-53.184302,47.537058,GBIF, ,1299952,1880.41128764,-53.2083333333,47.5416666667,1
Slat,-68.66531,44.155079,GBIF, ,1382060,4644.81604206,-68.625,44.125,1
Slat,-67.905025,44.448734,GBIF, ,1373493,2617.02671981,-67.875,44.4583333333,1
Slat,-61.099313,46.429074,GBIF, ,1324894,3804.54538176,-61.125,46.4583333333,1
Slat,-68.30174,44.236993,GBIF, ,1379913,3284.71313594,-68.2916666667,44.2083333333,1
Slat,-67.492857,44.611691,GBIF, ,1369275,3113.74509296,-67.4583333333,44.625,1
Slat,-2.131773,49.216667,GBIF, ,1263429,1050.00813097,-2.125,49.2083333333,1
Slat,-70.816326,41.25652,GBIF, ,1458499,4416.44560955,-70.7916666667,41.2916666667,1
Slat,-67.897739,48.72204,GBIF, ,1273921,2263.47159024,-67.875,48.7083333333,1
Slat,-158.692894,71.240012,GBIF, ,815854,3577.89927591,-158.708333333,71.2083333333,1
Slat,-64.491667,48.391667,GBIF, ,1281294,3087.2423354,-64.4583333333,48.375,1
Slat,-158.357387,71.187673,GBIF, ,815858,2390.76237607,-158.375,71.2083333333,1
Slat,-124.211094,43.367889,GBIF, ,1401657,821.104768964,-124.208333333,43.375,1
Slat,-124.696669,48.318546,GBIF, ,1283100,3111.61890743,-124.708333333,48.2916666667,1
Slat,-173.013207,60.541181,GBIF, ,1003676,1562.96675642,-173.041666667,60.5416666667,1
Slat,-156.436548,71.336534,GBIF, ,810549,4361.86330519,-156.458333333,71.375,1
Slat,-135.315934,57.046196,GBIF, ,1086727,1557.00275763,-135.291666667,57.0416666667,1
Slat,-123.674039,49.146586,GBIF, ,1264560,3467.82007268,-123.708333333,49.125,1
Slat,12.228714,57.104942,GBIF, ,1085714,2552.2591144,12.2083333333,57.125,1
Slat,-3.583742,48.74037,GBIF, ,1274595,4680.46862706,-3.625,48.7083333333,1
Slat,-65.997058,50.232285,GBIF, ,1239943,3838.75567826,-65.9583333333,50.2083333333,1
Slat,11.052918,58.575797,GBIF, ,1050498,3857.6915791,11.0416666667,58.5416666667,1
Slat,-68.869825,48.317809,GBIF, ,1283136,2932.17025461,-68.875,48.2916666667,1
Slat,-3.986234,48.731288,GBIF, ,1274591,3275.78114312,-3.95833333333,48.7083333333,1
Slat,1.079579,49.926806,GBIF, ,1246464,4438.81212571,1.04166666667,49.9583333333,1
Slat,9.734885,55.512833,GBIF, ,1124233,3621.6952995,9.70833333333,55.5416666667,1
Slat,-69.99667,41.32917,GBIF, ,1458509,5258.71757803,-69.9583333333,41.2916666667,1
Slat,-127.021645,50.63072,GBIF, ,1230821,1553.0228944,-127.041666667,50.625,1
Slat,-122.579712,47.933117,GBIF, ,1290500,3992.35229048,-122.541666667,47.9583333333,1
Slat,-66.828632,44.706367,GBIF, ,1367191,2937.53641421,-66.7916666667,44.7083333333,1
Slat,-130.666667,54.0,GBIF, ,1158788,5382.05421777,-130.708333333,54.0416666667,1
Slat,-145.8,60.5,GBIF, ,1003827,4665.0500802,-145.791666667,60.5416666667,1
Slat,-123.2,49.3,GBIF, ,1260822,1107.41242591,-123.208333333,49.2916666667,1
Slat,-154.0816,59.2745,GBIF, ,1031019,2973.00311215,-154.041666667,59.2916666667,1
Slat,-127.51,50.003,GBIF, ,1243727,4862.84880653,-127.541666667,50.0416666667,1
Slat,-123.13,49.01,GBIF, ,1266431,3540.591227,-123.125,49.0416666667,1
Slat,-128.49,52.38,GBIF, ,1194016,2227.07929738,-128.458333333,52.375,1
Slat,-153.89,56.73,GBIF, ,1094612,2581.58717703,-153.875,56.7083333333,1
Slat,-130.33,54.21,GBIF, ,1155034,2507.9902912,-130.291666667,54.2083333333,1
Slat,-150.64,59.53,GBIF, ,1025271,1552.27321116,-150.625,59.5416666667,1
Slat,-125.91,49.15,GBIF, ,1264551,3775.28973729,-125.875,49.125,1
Slat,-124.21,49.77,GBIF, ,1249474,2412.85908816,-124.208333333,49.7916666667,1
Slat,-126.7,49.9,GBIF, ,1247560,2844.42776302,-126.708333333,49.875,1
Slat,-124.79,50.06,GBIF, ,1243742,2042.7080857,-124.791666667,50.0416666667,1
Slat,-130.2,53.4,GBIF, ,1173331,2837.04589352,-130.208333333,53.375,1
Slat,-135.1,58.2,GBIF, ,1057705,1738.42221421,-135.125,58.2083333333,1
Slat,-126.1,50.5,GBIF, ,1232641,4962.48356636,-126.125,50.5416666667,1
Slat,-125.6,48.9,GBIF, ,1270152,3330.29233185,-125.625,48.875,1
Slat,-124.4,49.52,GBIF, ,1255156,3013.6796005,-124.375,49.5416666667,1
Slat,-127.67,50.85,GBIF, ,1225462,3875.38017127,-127.708333333,50.875,1
Slat,-127.93,50.9,GBIF, ,1225459,3421.96017005,-127.958333333,50.875,1
Slat,-126.49,49.75,GBIF, ,1251361,5166.18826039,-126.458333333,49.7083333333,1
Slat,-125.29,50.26,GBIF, ,1238070,3524.42496864,-125.291666667,50.2916666667,1
Slat,-128.13,51.66,GBIF, ,1209492,3909.47094375,-128.125,51.625,1
Slat,-161.52,55.38,GBIF, ,1127034,1482.00546265,-161.541666667,55.375,1
Slat,-147.4,60.0,GBIF, ,1014006,4847.01322218,-147.375,60.0416666667,1
Slat,-133.9,56.51,GBIF, ,1098892,3847.1777048,-133.875,56.5416666667,1
Slat,-153.8905,57.7032,GBIF, ,1070088,1086.62382327,-153.875,57.7083333333,1
Slat,-123.9,49.2,GBIF, ,1262688,2043.99126211,-123.875,49.2083333333,1
Slat,-126.54,50.85,GBIF, ,1225476,2783.61539846,-126.541666667,50.875,1
Slat,-147.7,60.64,GBIF, ,1002215,1732.45939159,-147.708333333,60.625,1
Slat,-153.72,57.9,GBIF, ,1065889,2869.10504318,-153.708333333,57.875,1
Slat,-127.51,50.58,GBIF, ,1232629,4818.52612986,-127.541666667,50.5416666667,1
Slat,-154.1875,58.3186,GBIF, ,1055400,3239.04370742,-154.208333333,58.2916666667,1
Slat,-126.3,50.56,GBIF, ,1232639,2123.19285156,-126.291666667,50.5416666667,1
Slat,-127.7,50.1,GBIF, ,1241818,2843.94801821,-127.708333333,50.125,1
Slat,-124.74,50.24,GBIF, ,1239931,4184.96007981,-124.708333333,50.2083333333,1
Slat,-153.6,57.7,GBIF, ,1070091,1755.83248998,-153.625,57.7083333333,1
Slat,-144.4,60.0,GBIF, ,1014042,4847.01322218,-144.375,60.0416666667,1
Slat,-153.3,58.87,GBIF, ,1041016,735.738511737,-153.291666667,58.875,1
Slat,-153.94,56.56,GBIF, ,1098655,2332.13939527,-153.958333333,56.5416666667,1
Slat,-134.3,55.88,GBIF, ,1115178,762.864123435,-134.291666667,55.875,1
Slat,-134.68,58.31,GBIF, ,1055628,2632.48032154,-134.708333333,58.2916666667,1
Slat,-123.59,71.42,GBIF, ,808216,4454.43802053,-123.625,71.4583333333,1
Slat,-123.48,49.39,GBIF, ,1258944,2293.05068975,-123.458333333,49.375,1
Slat,-162.61,55.29,GBIF, ,1129071,970.851998023,-162.625,55.2916666667,1
Slat,-127.4,50.7,GBIF, ,1229016,1994.59302743,-127.375,50.7083333333,1
Slat,-124.45,48.53,GBIF, ,1277593,1435.90620679,-124.458333333,48.5416666667,1
Slat,-128.0,50.5,GBIF, ,1232624,5496.76797853,-128.041666667,50.5416666667,1
Slat,-148.39,60.65,GBIF, ,1002207,2904.00089064,-148.375,60.625,1
Slat,-122.8,49.02,GBIF, ,1266435,2485.42159301,-122.791666667,49.0416666667,1
Slat,-124.07,49.48,GBIF, ,1257050,3166.12759855,-124.041666667,49.4583333333,1
Slat,-152.5,57.81,GBIF, ,1068012,3210.50863664,-152.458333333,57.7916666667,1
Slat,-153.63,59.64,GBIF, ,1023327,1694.73203385,-153.625,59.625,1
Slat,-123.93,49.92,GBIF, ,1245660,4724.01963511,-123.958333333,49.9583333333,1
Slat,-152.2,57.6,GBIF, ,1072184,2828.47099816,-152.208333333,57.625,1
Slat,-152.37,58.63,GBIF, ,1047195,628.140954782,-152.375,58.625,1
Slat,-122.8,48.2,GBIF, ,1284961,1114.58711476,-122.791666667,48.2083333333,1
Slat,-147.99,60.07,GBIF, ,1013999,3616.15539139,-147.958333333,60.0416666667,1
Slat,-169.64,62.94,GBIF, ,962651,2180.69583004,-169.625,62.9583333333,1
Slat,-134.11,57.73,GBIF, ,1070308,2573.33147515,-134.125,57.7083333333,1
Slat,-154.75,57.3,GBIF, ,1080364,2677.99326217,-154.708333333,57.2916666667,1
Slat,-128.18,53.46,GBIF, ,1171586,1891.09833651,-128.208333333,53.4583333333,1
Slat,-141.4,59.9,GBIF, ,1017793,3117.19797813,-141.375,59.875,1
Slat,-122.67,48.41,GBIF, ,1281278,4817.29186387,-122.708333333,48.375,1
Slat,-130.5,54.5,GBIF, ,1147327,5365.80293689,-130.458333333,54.5416666667,1
Slat,-152.58,58.14,GBIF, ,1059581,2809.18483,-152.541666667,58.125,1
Slat,-125.3,50.09,GBIF, ,1241826,3938.46672824,-125.291666667,50.125,1
Slat,-131.3,54.9,GBIF, ,1139502,2833.95068838,-131.291666667,54.875,1
Slat,-72.132615,40.981806,GBIF, ,1467700,2684.3680595,-72.125,40.9583333333,1
Slat,-72.685192,41.257948,GBIF, ,1458476,4216.94120069,-72.7083333333,41.2916666667,1
Slat,-71.591248,41.184848,GBIF, ,1460803,3849.54225826,-71.625,41.2083333333,1
Slat,-3.535256,50.475755,GBIF, ,1235113,1990.68335475,-3.54166666667,50.4583333333,1
Slat,-73.462754,40.863677,GBIF, ,1469965,1311.4965094,-73.4583333333,40.875,1
Slat,-122.030796,36.974117,GBIF, ,1583380,2001.32363399,-122.041666667,36.9583333333,1
Slat,-73.974026,40.361499,GBIF, ,1483737,2005.98156053,-73.9583333333,40.375,1
Slat,-121.894676,36.600238,GBIF, ,1593314,3263.29782367,-121.875,36.625,1
Slat,-72.303415,41.138988,GBIF, ,1463111,1840.20686428,-72.2916666667,41.125,1
Slat,-73.678462,40.96,GBIF, ,1467681,2521.58263149,-73.7083333333,40.9583333333,1
Slat,-73.050666,40.738432,GBIF, ,1474527,3427.79985197,-73.0416666667,40.7083333333,1
Slat,-5.806275,54.713968,GBIF, ,1144063,1131.34884485,-5.79166666667,54.7083333333,1
Slat,-73.551516,40.66288,GBIF, ,1476816,4288.17046087,-73.5416666667,40.625,1
Slat,-71.755629,41.330765,GBIF, ,1458487,5287.90064488,-71.7916666667,41.2916666667,1
Slat,-73.840268,40.781857,GBIF, ,1472237,3127.43878925,-73.875,40.7916666667,1
Slat,-122.650752,47.524543,GBIF, ,1299810,2717.42485461,-122.625,47.5416666667,1
Slat,-73.797901,40.598513,GBIF, ,1476813,2988.23006251,-73.7916666667,40.625,1
Slat,-66.51383,49.125022,GBIF, ,1264590,2031.75779986,-66.5416666667,49.125,1
Slat,-80.12,66.72,GBIF, ,911261,1319.6195973,-80.125,66.7083333333,1
Slat,-170.257481,57.186688,GBIF, ,1082242,3175.05934624,-170.291666667,57.2083333333,1
Slat,21.516667,65.05,GBIF, ,933546,1499.80106275,21.5416666667,65.0416666667,1
Slat,-66.237201,45.143839,GBIF, ,1356942,3088.67773295,-66.2083333333,45.125,1
Slat,-65.910366,45.19636,GBIF, ,1354922,3080.85181855,-65.875,45.2083333333,1
Slat,-65.749167,43.466667,GBIF, ,1399526,3431.7941503,-65.7083333333,43.4583333333,1
Slat,-64.35,45.233333,GBIF, ,1354939,3402.2017117,-64.375,45.2083333333,1
Slat,-1.040974,49.387082,GBIF, ,1259692,1344.66613265,-1.04166666667,49.375,1
Slat,10.547177,57.443803,GBIF, ,1077520,1651.68123987,10.5416666667,57.4583333333,1
Slat,-66.00852,43.888551,GBIF, ,1388591,3059.90759011,-66.0416666667,43.875,1
Slat,-7.052506,62.253511,GBIF, ,974149,4289.54041109,-7.04166666667,62.2916666667,1
Slat,-161.75,58.583333,GBIF, ,1047124,5235.27196712,-161.791666667,58.625,1
Slat,-146.583333,60.811111,GBIF, ,999106,3136.93340923,-146.541666667,60.7916666667,1
Slat,-122.47528,48.65861,GBIF, ,1275762,3940.66168474,-122.458333333,48.625,1
Slat,-163.051389,69.7625,GBIF, ,857210,3275.37356324,-163.041666667,69.7916666667,1
Slat,-135.916667,58.45,GBIF, ,1051489,2603.65213696,-135.958333333,58.4583333333,1
Slat,-149.433333,60.070833,GBIF, ,1013986,3535.36785429,-149.458333333,60.0416666667,1
Slat,-136.2,58.341667,GBIF, ,1053545,3744.67410583,-136.208333333,58.375,1
Slat,-136.035,57.541667,GBIF, ,1074431,399.243418232,-136.041666667,57.5416666667,1
Slat,-152.786111,57.788889,GBIF, ,1068010,452.652938803,-152.791666667,57.7916666667,1
Slat,-151.55,59.644444,GBIF, ,1023352,2216.606086,-151.541666667,59.625,1
Slat,-134.841667,57.475,GBIF, ,1076494,2728.81402257,-134.875,57.4583333333,1
Slat,-7.543278,57.599556,GBIF, ,1073245,2835.35461161,-7.54166666667,57.625,1
Slat,-4.653496,51.162658,GBIF, ,1220830,4639.88351951,-4.625,51.125,1
Slat,-14.498056,64.441944,GBIF, ,940969,2644.92842347,-14.4583333333,64.4583333333,1
Slat,-13.746944,65.546389,GBIF, ,926722,1860.41844668,-13.7083333333,65.5416666667,1
Slat,-20.745278,65.673611,GBIF, ,924555,4227.51826455,-20.7083333333,65.7083333333,1
Slat,-19.753889,65.89,GBIF, ,922489,2401.43044755,-19.7916666667,65.875,1
Slat,-18.659167,66.096111,GBIF, ,919392,3572.56011644,-18.625,66.125,1
Slat,-15.1525,66.093611,GBIF, ,919417,3714.41149145,-15.125,66.125,1
Slat,-15.0,66.366944,GBIF, ,916146,2069.49248061,-14.9583333333,66.375,1
Slat,-17.839167,66.153611,GBIF, ,919401,3577.27664184,-17.875,66.125,1
Slat,-16.558611,66.5125,GBIF, ,913906,3338.64935269,-16.5416666667,66.5416666667,1
Slat,-23.908056,64.915833,GBIF, ,935321,4814.17248489,-23.875,64.875,1
Slat,-23.231111,64.987222,GBIF, ,934267,3395.72539639,-23.2083333333,64.9583333333,1
Slat,-21.306111,65.528056,GBIF, ,926710,1658.0141619,-21.2916666667,65.5416666667,1
Slat,-24.516944,65.506667,GBIF, ,926683,4066.53450042,-24.5416666667,65.5416666667,1
Slat,-22.296389,64.019444,GBIF, ,946917,2488.06415405,-22.2916666667,64.0416666667,1
Slat,-22.667778,63.936111,GBIF, ,948115,3176.43499203,-22.7083333333,63.9583333333,1
Slat,-22.382778,64.631667,GBIF, ,938668,831.186395386,-22.375,64.625,1
Slat,1.31439,51.121124,GBIF, ,1220838,1648.30483076,1.29166666667,51.125,1
Slat,1.297285,52.932702,GBIF, ,1182587,2877.28372098,1.29166666667,52.9583333333,1
Slat,1.290888,51.937586,GBIF, ,1203225,2309.10111819,1.29166666667,51.9583333333,1
Slat,-3.349742,59.064427,GBIF, ,1038138,2920.49559912,-3.375,59.0416666667,1
Slat,-5.123283,56.323179,GBIF, ,1105788,3510.42562202,-5.125,56.2916666667,1
Slat,0.045787,50.74465,GBIF, ,1229717,4050.43835969,0.0416666666667,50.7083333333,1
Slat,11.0,58.0,GBIF, ,1062949,5253.58596175,11.0416666667,58.0416666667,1
Slat,10.541667,55.525556,GBIF, ,1124240,1793.65407622,10.5416666667,55.5416666667,1
Slat,10.629739,59.663319,GBIF, ,1024596,4277.33331128,10.625,59.625,1
Slat,9.274722,57.142778,GBIF, ,1085689,2229.88972579,9.29166666667,57.125,1
Slat,-23.123889,66.075278,GBIF, ,920385,3748.28032808,-23.125,66.0416666667,1
Slat,9.966944,57.586944,GBIF, ,1073420,4269.46720701,9.95833333333,57.625,1
Slat,14.13391,77.66641,GBIF, ,575769,4628.00738953,14.125,77.625,1
Slat,9.64445,54.82396,GBIF, ,1142276,3806.22242409,9.625,54.7916666667,1
Slat,-8.41125,43.36929,GBIF, ,1402403,3005.66799537,-8.375,43.375,1
Slat,-1.56169,46.24454,GBIF, ,1331519,4310.85123051,-1.54166666667,46.2083333333,1
Slat,-5.65323,43.54476,GBIF, ,1398038,2307.2597468,-5.625,43.5416666667,1
Slat,143.78906,57.8915,GBIF, ,1067332,1844.19220308,143.791666667,57.875,1
Slat,0.09064,49.49712,GBIF, ,1257825,4980.89683404,0.125,49.4583333333,1
Slat,1.84859,50.95908,GBIF, ,1224375,1857.42403679,1.875,50.9583333333,1
Slat,-56.30753,46.84541,GBIF, ,1315230,3504.82772679,-56.2916666667,46.875,1
Slat,-57.26137,50.65836,GBIF, ,1230865,4285.37901206,-57.2916666667,50.625,1
Slat,0.78565,49.8723,GBIF, ,1248367,526.538268859,0.791666666667,49.875,1
Slat,-51.74524,64.17493,GBIF, ,944256,4133.22328093,-51.7083333333,64.2083333333,1
Slat,-1.942,49.7274,GBIF, ,1252134,2425.81750216,-1.95833333333,49.7083333333,1
Slat,-0.35706,50.13466,GBIF, ,1242622,1673.32104438,-0.375,50.125,1
Slat,2.37918,51.04187,GBIF, ,1222617,294.034182205,2.375,51.0416666667,1
Slat,-2.07539,57.15226,GBIF, ,1085553,3658.51173401,-2.04166666667,57.125,1
Slat,-9.74625,53.8345,GBIF, ,1163113,5152.19176124,-9.70833333333,53.875,1
Slat,34.16778,69.3525,GBIF, ,868362,2974.25266956,34.2083333333,69.375,1
Slat,10.5249,56.72862,GBIF, ,1095833,2481.35631878,10.5416666667,56.7083333333,1
Slat,-1.5289,48.72851,GBIF, ,1274614,2432.45375436,-1.54166666667,48.7083333333,1
Slat,-0.754,49.34775,GBIF, ,1259695,4083.05675796,-0.791666666667,49.375,1
Slat,-53.46888,48.68962,GBIF, ,1273997,2221.09779199,-53.4583333333,48.7083333333,1
Slat,3.56373,51.41699,GBIF, ,1213746,4848.82789627,3.54166666667,51.4583333333,1
Slat,-1.79335,46.49243,GBIF, ,1325599,3792.41003359,-1.79166666667,46.4583333333,1
Slat,12.0,55.0,GBIF, ,1138367,5350.93684812,12.0416666667,54.9583333333,1
Slat,12.0,56.0,GBIF, ,1112058,5317.31904587,12.0416666667,56.0416666667,1
Slat,14.0,55.0,GBIF, ,1136403,5349.58748435,14.0416666667,55.0416666667,1
Slat,11.0,57.0,GBIF, ,1087746,5285.30377476,11.0416666667,57.0416666667,1
Slat,10.0,55.0,GBIF, ,1136358,5349.58748435,10.0416666667,55.0416666667,1
Slat,11.0,55.0,GBIF, ,1136370,5349.58748435,11.0416666667,55.0416666667,1
Slat,8.0,57.0,GBIF, ,1087717,5285.30377476,8.04166666667,57.0416666667,1
Slat,7.0,57.0,GBIF, ,1087705,5285.30377476,7.04166666667,57.0416666667,1
Slat,7.0,56.0,GBIF, ,1112022,5317.31904587,7.04166666667,56.0416666667,1
Slat,-21.0,66.0,GBIF, ,920403,5015.98183726,-20.9583333333,66.0416666667,1
Slat,-7.0,62.0,GBIF, ,978154,5130.58934146,-6.95833333333,62.0416666667,1
Slat,11.0,56.0,GBIF, ,1112046,5317.31904587,11.0416666667,56.0416666667,1
Slat,12.27,54.900002,GBIF, ,1140345,3111.23577094,12.2916666667,54.875,1
Slat,11.4,55.119999,GBIF, ,1134372,1689.35076306,11.375,55.125,1
Slat,12.07,56.529999,GBIF, ,1099897,2174.14422036,12.0416666667,56.5416666667,1
Slat,11.32,56.32,GBIF, ,1105930,3609.5536286,11.2916666667,56.2916666667,1
Slat,11.02,55.18,GBIF, ,1132356,3442.86976615,11.0416666667,55.2083333333,1
Slat,11.58,57.0,GBIF, ,1087752,5191.40327539,11.5416666667,57.0416666667,1
Slat,10.87,57.630001,GBIF, ,1073431,632.020965068,10.875,57.625,1
Slat,10.72,55.720001,GBIF, ,1120193,1491.71016116,10.7083333333,55.7083333333,1
Slat,10.6,55.049999,GBIF, ,1136365,1847.73464322,10.625,55.0416666667,1
Slat,10.92,56.400002,GBIF, ,1103916,3654.65745875,10.9583333333,56.375,1
Slat,10.08,55.799999,GBIF, ,1118164,2577.08662199,10.0416666667,55.7916666667,1
Slat,10.9,57.349998,GBIF, ,1079569,3164.85476099,10.875,57.375,1
Slat,9.18,56.82,GBIF, ,1093807,3598.67125079,9.20833333333,56.7916666667,1
Slat,12.57,54.950001,GBIF, ,1138373,2038.49749584,12.5416666667,54.9583333333,1
Slat,10.63,56.169998,GBIF, ,1107951,4279.73170394,10.625,56.2083333333,1
Slat,-20.23,74.300003,GBIF, ,703999,1137.78455253,-20.2083333333,74.2916666667,1
Slat,11.72,54.549999,GBIF, ,1148124,1195.95996201,11.7083333333,54.5416666667,1
Slat,10.5,56.52,GBIF, ,1099879,3520.5913591,10.5416666667,56.5416666667,1
Slat,4.67,61.57,GBIF, ,986579,3757.90314608,4.70833333333,61.5416666667,1
Slat,-7.35,62.07,GBIF, ,978149,3417.66935416,-7.375,62.0416666667,1
Slat,11.73,56.299999,GBIF, ,1105935,1631.07275937,11.7083333333,56.2916666667,1
Slat,11.92,55.82,GBIF, ,1118185,3966.00302169,11.9583333333,55.7916666667,1
Slat,11.47,55.970001,GBIF, ,1114104,1489.45671226,11.4583333333,55.9583333333,1
Slat,10.27,54.830002,GBIF, ,1142284,4489.10689172,10.2916666667,54.7916666667,1
Slat,10.53,54.77,GBIF, ,1142287,2526.03694886,10.5416666667,54.7916666667,1
Slat,9.77,55.25,GBIF, ,1130327,4838.80785952,9.79166666667,55.2916666667,1
Slat,18.972364,69.703083,GBIF, ,860551,798.920352237,18.9583333333,69.7083333333,1
Slat,31.088378,70.398108,GBIF, ,842797,2920.68167705,31.125,70.375,1
Slat,17.980322,69.64629,GBIF, ,862564,2524.03335696,17.9583333333,69.625,1
Slat,-20.421,66.019,GBIF, ,920409,3042.18527897,-20.4583333333,66.0416666667,1
Slat,15.0,56.0,GBIF, ,1112072,5317.31904587,15.0416666667,56.0416666667,1
Slat,-83.22021667,64.01936667,SIMEP, ,946407,2552.90907865,-83.2083333333,64.0416666667,1
Slat,-74.86087,62.24567,CAISN DFO, ,974784,4225.53613839,-74.875,62.2083333333,1
Slat,-81.06655,64.02931667,SIMEP, ,946422,1836.89920236,-81.0416666667,64.0416666667,1
Slat,-65.99166667,66.10666667,Pangnirtung NFA, ,919062,2539.53015169,-65.9583333333,66.125,1
Slat,-67.99166667,66.266,Pangnirtung NFA, ,916863,3229.95853826,-67.9583333333,66.2916666667,1
Slat,-84.73383333,65.93401667,SIMEP, ,920956,2949.28323231,-84.7083333333,65.9583333333,1
Slat,-82.92186667,64.87203333,SIMEP, ,934865,1759.82632943,-82.9583333333,64.875,1
Slat,-80.17605,63.78193333,SIMEP, ,950057,1926.33852673,-80.2083333333,63.7916666667,1
Slat,-80.84041667,63.51851667,SIMEP, ,953823,3101.53905751,-80.875,63.5416666667,1
Slat,-81.9684,62.9438,SIMEP, ,962819,1698.57297043,-81.9583333333,62.9583333333,1
Slat,-82.35773333,63.64275,SIMEP, ,952543,2155.81837764,-82.375,63.625,1
Slat,-87.31999217,63.69168333,SIMEP, ,951253,2325.34108427,-87.2916666667,63.7083333333,1
Slat,-86.40566667,64.32926667,SIMEP, ,942790,4446.63358105,-86.375,64.2916666667,1
Slat,-78.76381,70.21439,CAISN DFO, ,846635,1251.13100417,-78.7916666667,70.2083333333,1
Slat,-62.571,44.81317,OBIS,Slot,1365139,3331.10877522,-62.5416666667,44.7916666667,1
Slat,-61.343,45.18517,OBIS,Slot,1354945,3598.51706651,-61.375,45.2083333333,1
Slat,-51.00633988,64.64988638,Shoenrock et al,Slot,938436,3248.23281133,-51.0416666667,64.625,1
Slat,-50.49301746,64.64152635,Shoenrock et al,Slot,938443,2479.07240853,-50.4583333333,64.625,1
Slat,-50.8013845,64.49805407,Shoenrock et al,Slot,940729,4452.84948616,-50.7916666667,64.4583333333,1
Slat,-51.2525525,64.20524234,Shoenrock et al,Slot,944261,1930.7653915,-51.2916666667,64.2083333333,1
Slat,-50.49386454,64.15076156,Shoenrock et al,Slot,945486,3352.72020821,-50.4583333333,64.125,1
Slat,-65.762549,44.623367,GBIF,Slot,1369295,2317.9086798,-65.7916666667,44.625,1
Slat,-55.400601,46.905613,GBIF,Slot,1315241,3922.82766927,-55.375,46.875,1
Slat,-67.386443,49.319752,GBIF,Slot,1260834,3232.4814351,-67.375,49.2916666667,1
Slat,-64.733333,62.833333,GBIF,Slot,964291,4815.5169527,-64.7083333333,62.875,1
Slat,-64.5,62.45,GBIF,Slot,970867,2342.66828931,-64.4583333333,62.4583333333,1
Slat,-81.666667,69.383333,GBIF,Slot,867545,1883.6762801,-81.7083333333,69.375,1
Slat,-67.916667,62.133333,GBIF,Slot,976172,2364.04780184,-67.9583333333,62.125,1
Slat,-66.0825,44.5,GBIF,Slot,1371397,5654.75873916,-66.0416666667,44.5416666667,1
Slat,-66.00531,43.6784,GBIF,Slot,1392949,4433.01374417,-66.0416666667,43.7083333333,1
Slat,-55.82767,47.41588,GBIF,Slot,1303731,5295.69280793,-55.7916666667,47.375,1
Slat,11.14333,79.12,Hop et al 2016, ,517564,678.895172854,11.125,79.125,1
Slat,-70.1796,60.0373,Filbee-Dexter et al,Slon,1014295,1673.67761022,-70.2083333333,60.0416666667,1
Slat,-55.6333,53.2167,Filbee-Dexter et al, ,1176862,1083.72944665,-55.625,53.2083333333,1
Slat,-55.6333,52.2167,Filbee-Dexter et al, ,1197510,1090.21242367,-55.625,52.2083333333,1
Slat,-69.6745,60.0568,Filbee-Dexter et al,Slon,1014301,2529.10087941,-69.7083333333,60.0416666667,1
Slat,-51.6,70.6667,Filbee-Dexter et al, ,832244,4735.89898051,-51.625,70.7083333333,1
Slat,-53.6333,69.4833,Filbee-Dexter et al, ,865937,2804.05762809,-53.625,69.4583333333,1
Slat,6.5472,62.8203,Filbee-Dexter et al, ,966368,3203.88701721,6.54166666667,62.7916666667,1
Slat,11.5494,65.6764,Filbee-Dexter et al, ,924882,3578.34837736,11.5416666667,65.7083333333,1
Slat,12.131,65.6901,Filbee-Dexter et al, ,924889,2051.67122291,12.125,65.7083333333,1
Slat,16.7792,69.0956,Filbee-Dexter et al, ,873533,3316.92586347,16.7916666667,69.125,1
Slat,16.8978,69.311,Filbee-Dexter et al, ,870098,2336.84448407,16.875,69.2916666667,1
Slat,29.4393,70.6991,Filbee-Dexter et al, ,832883,1246.76092379,29.4583333333,70.7083333333,1
Slat,30.13,69.8525,Filbee-Dexter et al, ,856339,2517.45273087,30.125,69.875,1
Slat,33.0226,69.021,Filbee-Dexter et al, ,875224,2427.95662127,33.0416666667,69.0416666667,1
Slat,33.6559,66.421,Filbee-Dexter et al, ,915372,4385.56779972,33.625,66.4583333333,1
Slat,33.8333,66.2167,Filbee-Dexter et al, ,918711,2093.94003743,33.7916666667,66.2083333333,1
Slat,-147.7644,60.3327,Filbee-Dexter et al, ,1008793,4813.84348077,-147.791666667,60.2916666667,1
Slat,-70.08,47.66,Museum,Katie,1297918,4841.4382559,-70.0416666667,47.625,1
Slat,-114.77,68.78,Museum,Katie,879102,1568.35943103,-114.791666667,68.7916666667,1
Slat,-119.07,76.08,Museum,Katie,636580,4346.44265756,-119.041666667,76.0416666667,1
Slat,-77.91,62.43,Museum,Katie,970748,3638.37798109,-77.875,62.4583333333,1
Slat,-69.83,62.82,Museum,Katie,965563,3714.3375797,-69.7916666667,62.7916666667,1
Slat,-72.0,61.65,Museum,Katie,984311,3555.57527359,-71.9583333333,61.625,1
Slat,-125.68,49.01,Museum,Katie,1266416,4086.04789445,-125.708333333,49.0416666667,1
Slat,-106.39,74.98,Museum,Katie,675921,2457.09628415,-106.375,74.9583333333,1
Slat,-125.14,71.97,Museum,Katie,791579,1401.31256757,-125.125,71.9583333333,1
Slat,-104.36,68.93,Museum,Katie,875948,3217.29877516,-104.375,68.9583333333,1
Slat,-124.76,70.18,Museum,Katie,846372,3380.39081457,-124.791666667,70.2083333333,1
Slat,-95.88,68.62,Museum,Katie,882375,593.67947955,-95.875,68.625,1
Slat,-92.02,62.82,Museum,Katie,965315,3345.80000331,-92.0416666667,62.7916666667,1
Slat,-82.2,64.7,Museum,Katie,937067,1010.52010596,-82.2083333333,64.7083333333,1
Slat,-94.46,71.98,Museum,Katie,791704,2418.38029205,-94.4583333333,71.9583333333,1
Slat,-94.03,61.12,Museum,Katie,992885,840.14223385,-94.0416666667,61.125,1
Slat,-98.37,69.64,Museum,Katie,861644,1684.60176443,-98.375,69.625,1
Slat,-100.38,68.7,Museum,Katie,880774,951.395400909,-100.375,68.7083333333,1
Slat,-96.15,69.22,Museum,Katie,870919,1635.50231885,-96.125,69.2083333333,1
Slat,-91.55,70.15,Museum,Katie,848807,2806.95195857,-91.5416666667,70.125,1
Slat,-125.81,69.43,Museum,Katie,865392,3241.40312444,-125.791666667,69.4583333333,1
Slat,-93.8,72.73,Museum,Katie,765803,2433.62743724,-93.7916666667,72.7083333333,1
Slat,-93.93,74.65,Museum,Katie,689451,2913.54436493,-93.9583333333,74.625,1
Slat,-99.4,75.0,Museum,Katie,676005,4706.70158159,-99.375,74.9583333333,1
Slat,-96.92,76.9,Museum,Katie,605334,2955.04350222,-96.9583333333,76.875,1
Slat,-93.92,74.13,Museum,Katie,710560,1296.91404176,-93.9583333333,74.125,1
Slat,-92.75,69.71,Museum,Katie,859672,1623.93635498,-92.7083333333,69.7083333333,1
Slat,-93.0,74.1,Museum,Katie,710568,3067.19516326,-92.9583333333,74.125,1
Slat,-66.07389,44.83916,Saunders, ,1363066,4727.63014085,-66.0416666667,44.875,1
Slat,-147.43,70.223,Saunders, ,846100,1955.49390348,-147.458333333,70.2083333333,1
Slat,137.949,37.5294,GBIF, ,1567389,1591.86218023,137.958333333,37.5416666667,1
