Sps,lan,lat,Source,NEAR_FID,NEAR_DIST,NEAR_X,NEAR_Y,RASTERVALU
Zmar,144.9059,43.0622,OBIS,1411530,3397.24902619,144.875,43.0416666667,2
Zmar,-5.781870282,57.74307547,OBIS,1071185,3913.10957324,-5.79166666667,57.7083333333,2
Zmar,-60.89,46.06,OBIS,1334806,2345.26152725,-60.875,46.0416666667,2
Zmar,-132.5266571,54.05971909,OBIS,1158768,2236.93489535,-132.541666667,54.0416666667,2
Zmar,-132.5935364,53.97761154,OBIS,1160626,2977.88121927,-132.625,53.9583333333,2
Zmar,-60.7,46.12,OBIS,1332804,850.732250608,-60.7083333333,46.125,2
Zmar,18.68997,59.52012,OBIS,1026512,2615.66428985,18.7083333333,59.5416666667,2
Zmar,-60.49,45.95,OBIS,1336819,2623.94993026,-60.4583333333,45.9583333333,2
Zmar,4.761,53.1,GBIF,1179204,3457.98086836,4.79166666667,53.125,2
Zmar,-116.05,30.466667,GBIF,1779340,1222.29989809,-116.041666667,30.4583333333,2
Zmar,-117.25881,32.8332,GBIF,1710296,5539.33937261,-117.291666667,32.7916666667,2
Zmar,-117.25378,32.74763,GBIF,1712848,5621.82130274,-117.291666667,32.7083333333,2
Zmar,-118.08878,33.73675,GBIF,1681989,4604.78564794,-118.125,33.7083333333,2
Zmar,-112.19527,29.01972,GBIF,1821363,2745.22304866,-112.208333333,29.0416666667,2
Zmar,-118.275,29.1625,GBIF,1818764,4461.60506943,-118.291666667,29.125,2
Zmar,11.357355,63.93539,GBIF,948451,2699.9687819,11.375,63.9583333333,2
Zmar,145.32,43.29,GBIF,1404948,2306.84429934,145.291666667,43.2916666667,2
Zmar,-158.4615,56.1858,GBIF,1106664,2516.67168371,-158.458333333,56.2083333333,2
Zmar,19.89076,60.085268,GBIF,1013424,4512.66699718,19.875,60.125,2
Zmar,21.398823,60.594341,GBIF,1003383,3656.8083732,21.375,60.625,2
Zmar,-130.3,54.3,GBIF,1153120,1074.62314731,-130.291666667,54.2916666667,2
Zmar,-128.1,52.2,GBIF,1197459,1944.46180106,-128.125,52.2083333333,2
Zmar,-153.86069,59.11621,GBIF,1034953,1276.92206274,-153.875,59.125,2
Zmar,-132.4,53.1,GBIF,1178489,3247.02676082,-132.375,53.125,2
Zmar,-153.19,57.2,GBIF,1082412,1445.34061084,-153.208333333,57.2083333333,2
Zmar,-122.45639,37.89472,GBIF,1556227,2195.47351724,-122.458333333,37.875,2
Zmar,-77.2,55.65,GBIF,1121409,2832.42267033,-77.2083333333,55.625,2
Zmar,32.70692,67.07245,GBIF,907706,3433.58889009,32.7083333333,67.0416666667,2
Zmar,25.82252,60.271153,GBIF,1009997,2852.64797667,25.7916666667,60.2916666667,2
Zmar,-112.190737,29.15404901,GBIF,1818823,3646.71566916,-112.208333333,29.125,2
Zmar,-112.211849,29.23071318,GBIF,1816295,2504.01139506,-112.208333333,29.2083333333,2
Zmar,145.0228,43.0359,GBIF,1411532,1665.57350102,145.041666667,43.0416666667,2
Zmar,-54.196389,48.393056,GBIF,1281365,2194.06696591,-54.2083333333,48.375,2
Zmar,-82.0,53.0,GBIF,1180247,5414.70927394,-81.9583333333,53.0416666667,2
Zmar,-78.7,52.616667,GBIF,1188882,1085.52911799,-78.7083333333,52.625,2
Zmar,12.489296,56.902095,GBIF,1091813,3558.87786056,12.4583333333,56.875,2
Zmar,5.64729,59.3625,GBIF,1030349,1882.92603784,5.625,59.375,2
Zmar,10.4451,59.8357,GBIF,1018912,4440.77377551,10.4583333333,59.875,2
Zmar,6.877978165,58.19645362,GBIF,1058720,1334.71398496,6.875,58.2083333333,2
Zmar,12.43757,65.86246,GBIF,922826,1689.11947162,12.4583333333,65.875,2
Zmar,5.404,59.7541,GBIF,1020794,4491.19206027,5.375,59.7916666667,2
Zmar,7.183,62.8513,GBIF,965062,2939.62002747,7.20833333333,62.875,2
Zmar,37.295837,44.948642,GBIF,1361867,1126.16095862,37.2916666667,44.9583333333,2
Zmar,-1.614167,49.638611,GBIF,1254037,1704.16362158,-1.625,49.625,2
Zmar,10.1475,54.373056,GBIF,1151971,1478.12206201,10.125,54.375,2
Zmar,17.3134,68.2856,GBIF,889375,1124.0776265,17.2916666667,68.2916666667,2
Zmar,-77.2,55.75,GBIF,1117366,4668.45831662,-77.2083333333,55.7916666667,2
Zmar,-78.866667,51.916667,GBIF,1202635,4671.34042978,-78.875,51.9583333333,2
Zmar,-79.150278,51.8175,GBIF,1206038,3361.81115655,-79.125,51.7916666667,2
Zmar,-154.0,57.0,GBIF,1086503,5285.30377476,-154.041666667,57.0416666667,2
Zmar,24.25,59.35,GBIF,1030441,3656.68528577,24.2916666667,59.375,2
Zmar,23.416667,59.05,GBIF,1038343,2565.44301434,23.4583333333,59.0416666667,2
Zmar,-132.55,56.31,GBIF,1104960,2105.5462685,-132.541666667,56.2916666667,2
Zmar,5.2688,60.2428,GBIF,1011636,4043.84078677,5.29166666667,60.2083333333,2
Zmar,5.4759,59.6093,GBIF,1024587,2010.56349806,5.45833333333,59.625,2
Zmar,1.738608,52.646679,GBIF,1189480,3165.55374041,1.70833333333,52.625,2
Zmar,-63.574071,44.610674,GBIF,1369300,3024.74133537,-63.5416666667,44.625,2
Zmar,-73.13027,41.17194,GBIF,1460785,4065.86467366,-73.125,41.2083333333,2
Zmar,10.1339,63.9804,GBIF,948444,2498.25737264,10.125,63.9583333333,2
Zmar,-21.953,64.129,GBIF,945722,516.071684193,-21.9583333333,64.125,2
Zmar,-22.735,65.061,GBIF,933214,2494.56951318,-22.7083333333,65.0416666667,2
Zmar,-22.39,64.797,GBIF,936424,928.455331435,-22.375,64.7916666667,2
Zmar,-50.22,64.47,Krause-Jensen et al 2020,940736,1416.6317882,-50.2083333333,64.4583333333,2
Zmar,-51.09,64.75,Wilson and Lotze 2020,936193,4934.84631474,-51.125,64.7916666667,2
Zmar,-79.07,53.94,Wilson and Lotze 2020,1160690,2761.24026855,-79.0416666667,53.9583333333,2
Zmar,-78.98,53.58,Wilson and Lotze 2020,1169840,4501.47404647,-78.9583333333,53.5416666667,2
Zmar,-78.98,53.33,Wilson and Lotze 2020,1175129,4504.00635489,-78.9583333333,53.2916666667,2
Zmar,-78.93,53.23,Wilson and Lotze 2020,1176857,3065.31687786,-78.9583333333,53.2083333333,2
Zmar,-78.96,53.12,Wilson and Lotze 2020,1178562,567.519528518,-78.9583333333,53.125,2
Zmar,-78.53,52.31,Wilson and Lotze 2020,1195792,2189.7535132,-78.5416666667,52.2916666667,2
Zmar,-78.59,52.24,Wilson and Lotze 2020,1197504,4258.64037338,-78.625,52.2083333333,2
Zmar,-57.24,51.49,Wilson and Lotze 2020,1213062,4153.72443342,-57.2083333333,51.4583333333,2
Zmar,141.36589,40.96065,GBIF,1468827,808.942104598,141.375,40.9583333333,2
Zmar,138.7498,34.7362,GBIF,1652468,4897.22401067,138.708333333,34.7083333333,2
Zmar,137.016667,36.916667,GBIF,1584690,5132.3590744,137.041666667,36.9583333333,2
Zmar,138.965274,34.659614,GBIF,1655016,3892.24150566,138.958333333,34.625,2
Zmar,139.578041,35.257454,GBIF,1635065,5035.8632813,139.541666667,35.2916666667,2
Zmar,137.239938,37.370932,GBIF,1572319,2835.55834838,137.208333333,37.375,2
Zmar,33.4045952,44.57663707,OBIS,1372249,4542.00775665,33.375,44.5416666667,1
Zmar,16.59167,57.037,OBIS,1087764,2089.0705052,16.625,57.0416666667,1
Zmar,12.88168,55.5351,OBIS,1124256,844.010959485,12.875,55.5416666667,1
Zmar,15.75599,56.06156,OBIS,1112081,3138.12894676,15.7916666667,56.0416666667,1
Zmar,17.57473,58.77527,OBIS,1044360,2644.34852828,17.5416666667,58.7916666667,1
Zmar,15.41519,56.16254,OBIS,1110024,4869.55436269,15.375,56.125,1
Zmar,12.5495,56.197,OBIS,1107974,1352.33313749,12.5416666667,56.2083333333,1
Zmar,-4.324613907,52.89700212,OBIS,1184299,3303.59790865,-4.29166666667,52.875,1
Zmar,16.39555,56.19575,OBIS,1107986,1894.70551778,16.375,56.2083333333,1
Zmar,18.591667,54.493333,OBIS,1150117,4455.06551984,18.625,54.4583333333,1
Zmar,-152.729683,57.822933,OBIS,1068011,3706.36467879,-152.708333333,57.7916666667,1
Zmar,11.94357,57.51535,OBIS,1075494,3061.41009851,11.9583333333,57.5416666667,1
Zmar,-58.02613,48.96542,OBIS,1268401,1384.0139433,-58.0416666667,48.9583333333,1
Zmar,25.28082,59.52411,OBIS,1026591,2049.92569165,25.2916666667,59.5416666667,1
Zmar,16.57318,56.80485,OBIS,1093840,2421.29175615,16.5416666667,56.7916666667,1
Zmar,23.99904,59.348,OBIS,1030437,3795.59906758,23.9583333333,59.375,1
Zmar,-70.75,41.36999893,OBIS,1456186,3529.79473571,-70.7083333333,41.375,1
Zmar,-60.72,45.92,OBIS,1336816,4355.7509523,-60.7083333333,45.9583333333,1
Zmar,12.58248,56.43512,OBIS,1101923,3607.84176388,12.5416666667,56.4583333333,1
Zmar,-2.53475,50.618033,OBIS,1231498,916.642947114,-2.54166666667,50.625,1
Zmar,18.11645,58.88365,OBIS,1042329,1082.4081653,18.125,58.875,1
Zmar,-131.1533508,52.20272064,OBIS,1197423,2036.2843793,-131.125,52.2083333333,1
Zmar,-151.5738201,59.4815982,OBIS,1027188,3168.57493989,-151.541666667,59.4583333333,1
Zmar,18.53694,54.73361,OBIS,1144301,2830.19392638,18.5416666667,54.7083333333,1
Zmar,16.57503,57.34103,OBIS,1079586,4283.01441293,16.5416666667,57.375,1
Zmar,12.82433,55.8345,OBIS,1116167,4951.531727,12.7916666667,55.875,1
Zmar,16.36465,56.41342,OBIS,1103942,4325.5134406,16.375,56.375,1
Zmar,-7.161975062,57.63035038,OBIS,1073250,2288.04387358,-7.125,57.625,1
Zmar,14.45744,55.98279,OBIS,1114122,2723.60814583,14.4583333333,55.9583333333,1
Zmar,-64.97202,43.86828,OBIS,1388594,1329.57129886,-64.9583333333,43.875,1
Zmar,-58.37377,49.06002,OBIS,1266533,2043.0667638,-58.375,49.0416666667,1
Zmar,32.99606909,45.3443607,OBIS,1351683,4509.69974874,32.9583333333,45.375,1
Zmar,33.55501865,45.91372005,OBIS,1339587,4426.70293526,33.5416666667,45.875,1
Zmar,17.09054,57.3429,OBIS,1079593,4132.9294741,17.125,57.375,1
Zmar,-3.734551661,57.6358194,OBIS,1073275,1976.17423471,-3.70833333333,57.625,1
Zmar,23.26063,58.9424,OBIS,1040357,2518.22558981,23.2916666667,58.9583333333,1
Zmar,16.94488,58.21447,OBIS,1058767,1045.28200858,16.9583333333,58.2083333333,1
Zmar,-1.8618,55.6689,OBIS,1120058,4468.15911207,-1.875,55.7083333333,1
Zmar,16.39145,56.59139,OBIS,1097889,3876.50538936,16.375,56.625,1
Zmar,-7.397710792,57.03634415,OBIS,1087573,1500.7463745,-7.375,57.0416666667,1
Zmar,16.94299,58.47569,OBIS,1052558,2130.59465215,16.9583333333,58.4583333333,1
Zmar,11.75393,58.3313,OBIS,1056682,4937.70289946,11.7916666667,58.2916666667,1
Zmar,-4.155440026,57.83961583,OBIS,1067004,4335.51056413,-4.125,57.875,1
Zmar,-4.182948435,57.48599027,OBIS,1077379,3436.11758484,-4.20833333333,57.4583333333,1
Zmar,-70.66661835,41.96278,OBIS,1440063,3485.41236599,-70.625,41.9583333333,1
Zmar,11.78276,57.78035,OBIS,1069288,1367.21031896,11.7916666667,57.7916666667,1
Zmar,-2.504126644,56.72133962,OBIS,1095686,2717.00849185,-2.54166666667,56.7083333333,1
Zmar,-122.83175,49.03,OBIS,1266435,3205.2078861,-122.791666667,49.0416666667,1
Zmar,-4.196679,50.327792,OBIS,1238775,4103.26294021,-4.20833333333,50.2916666667,1
Zmar,-58.09636,49.12639,OBIS,1264667,2096.06974569,-58.125,49.125,1
Zmar,24.267029,58.28317,OBIS,1056767,1727.49859815,24.2916666667,58.2916666667,1
Zmar,23.46932,58.57366,OBIS,1050578,3620.58731784,23.4583333333,58.5416666667,1
Zmar,-5.050574501,51.70588294,OBIS,1208376,673.41404917,-5.04166666667,51.7083333333,1
Zmar,-70.69000244,41.68999863,OBIS,1446969,2544.62761158,-70.7083333333,41.7083333333,1
Zmar,-146.703889,60.896667,OBIS,997551,2426.32527817,-146.708333333,60.875,1
Zmar,16.67306,57.84048,OBIS,1067199,4377.97336561,16.7083333333,57.875,1
Zmar,-123.4466,48.6539,OBIS,1275750,3328.06331511,-123.458333333,48.625,1
Zmar,-70.61000061,41.52000046,OBIS,1451577,2712.46502659,-70.625,41.5416666667,1
Zmar,13.8395,55.41862,OBIS,1126280,4959.54673004,13.875,55.4583333333,1
Zmar,21.94781,58.40429,OBIS,1054676,3320.00500793,21.9583333333,58.375,1
Zmar,-64.9181152,46.8517326,OBIS,1315129,4011.81059624,-64.9583333333,46.875,1
Zmar,14.80876,56.15779,OBIS,1110017,3802.47297249,14.7916666667,56.125,1
Zmar,19.06074,57.86237,OBIS,1067227,1805.57901028,19.0416666667,57.875,1
Zmar,18.6511,59.09634,OBIS,1036259,3525.45503915,18.625,59.125,1
Zmar,-147.436183,60.656133,OBIS,1002218,3674.57457699,-147.458333333,60.625,1
Zmar,22.178,58.1046,OBIS,1060922,2891.26584664,22.2083333333,58.125,1
Zmar,-60.54,46.07,OBIS,1334810,3151.95815515,-60.5416666667,46.0416666667,1
Zmar,22.86859,58.62593,OBIS,1048528,386.548935814,22.875,58.625,1
Zmar,0.937722,52.961461,OBIS,1182583,1428.13385304,0.958333333333,52.9583333333,1
Zmar,24.74568,59.57465,OBIS,1026584,4238.0531396,24.7083333333,59.5416666667,1
Zmar,-132.0797272,53.21477127,OBIS,1176780,2641.78497712,-132.041666667,53.2083333333,1
Zmar,-131.8200684,53.24208832,OBIS,1176783,4208.35545211,-131.791666667,53.2083333333,1
Zmar,-124.072,49.253,OBIS,1260812,4833.77620099,-124.041666667,49.2916666667,1
Zmar,-5.433784251,57.8842552,OBIS,1066998,1784.3826292,-5.45833333333,57.875,1
Zmar,11.5661,58.058,OBIS,1062955,2321.87680028,11.5416666667,58.0416666667,1
Zmar,-61.09,45.7,OBIS,1342857,2878.70086575,-61.125,45.7083333333,1
Zmar,35.29839218,44.96588717,OBIS,1361843,993.114283322,35.2916666667,44.9583333333,1
Zmar,3.98333,51.73333,OBIS,1208426,3273.95841699,3.95833333333,51.7083333333,1
Zmar,23.54002,58.75842,OBIS,1044430,3704.61175217,23.5416666667,58.7916666667,1
Zmar,2.99054,42.81528,OBIS,1417835,3717.76136858,2.95833333333,42.7916666667,1
Zmar,-131.6583557,52.66154861,OBIS,1188800,4651.79177367,-131.625,52.625,1
Zmar,-5.775667393,56.71097207,OBIS,1095680,1022.97852498,-5.79166666667,56.7083333333,1
Zmar,36.60869009,45.35342656,OBIS,1351701,2716.89518049,36.625,45.375,1
Zmar,18.22364,59.06404,OBIS,1038280,2642.56717735,18.2083333333,59.0416666667,1
Zmar,-69.95290375,41.80870056,OBIS,1444683,1945.0141097,-69.9583333333,41.7916666667,1
Zmar,-123.494,48.80672,OBIS,1272028,3109.36482906,-123.458333333,48.7916666667,1
Zmar,13.23123,55.35376,OBIS,1128311,2774.83849968,13.2083333333,55.375,1
Zmar,19.47555,59.41295,OBIS,1030383,4339.39620945,19.4583333333,59.375,1
Zmar,22.99488,58.35955,OBIS,1054678,2745.2672592,22.9583333333,58.375,1
Zmar,-59.7833,43.9833,OBIS,1386475,2854.1768702,-59.7916666667,43.9583333333,1
Zmar,-6.353410688,57.05369272,OBIS,1087585,1873.64821305,-6.375,57.0416666667,1
Zmar,33.59968928,46.10314436,OBIS,1333551,3119.29648643,33.625,46.125,1
Zmar,16.45004,58.64683,OBIS,1048451,2478.86728909,16.4583333333,58.625,1
Zmar,16.94244,57.03052,OBIS,1087768,1572.23608387,16.9583333333,57.0416666667,1
Zmar,-131.3510132,52.35889053,OBIS,1193982,2425.45129733,-131.375,52.375,1
Zmar,18.81842,57.69358,OBIS,1071406,2290.06193351,18.7916666667,57.7083333333,1
Zmar,-131.9278259,53.36589813,OBIS,1173310,2269.25107646,-131.958333333,53.375,1
Zmar,22.45736,58.75242,OBIS,1044419,4372.09475805,22.4583333333,58.7916666667,1
Zmar,-9.91854,52.23462,OBIS,1198055,3993.8231365,-9.95833333333,52.2083333333,1
Zmar,19.05152,59.64433,OBIS,1024603,2224.0637971,19.0416666667,59.625,1
Zmar,-131.9255219,53.04650879,OBIS,1180206,2265.63952802,-131.958333333,53.0416666667,1
Zmar,21.0,63.5,OBIS,954751,5086.47091966,21.0416666667,63.5416666667,1
Zmar,21.7961,59.920567,OBIS,1017081,4214.88716033,21.7916666667,59.9583333333,1
Zmar,-131.0725098,52.06304932,OBIS,1200855,3183.8887229,-131.041666667,52.0416666667,1
Zmar,-0.230834737,54.16212281,OBIS,1157598,4385.90193666,-0.208333333333,54.125,1
Zmar,-132.0147858,52.78369904,OBIS,1185360,2018.69071815,-132.041666667,52.7916666667,1
Zmar,-133.058075,54.15364838,OBIS,1156889,3364.27697485,-133.041666667,54.125,1
Zmar,-1.290324482,60.19209351,OBIS,1011557,1810.90168573,-1.29166666667,60.2083333333,1
Zmar,-70.10529327,43.82093811,OBIS,1390717,3618.29280891,-70.125,43.7916666667,1
Zmar,-72.35810852,41.1122818,OBIS,1463110,2001.86039894,-72.375,41.125,1
Zmar,18.74268,57.2958,OBIS,1081653,2121.39129526,18.7083333333,57.2916666667,1
Zmar,-70.68071747,42.61302948,OBIS,1421618,2627.08375327,-70.7083333333,42.625,1
Zmar,3.029999971,43.02999878,OBIS,1411150,1607.52811203,3.04166666667,43.0416666667,1
Zmar,16.68636,57.60004,OBIS,1073446,3074.45353553,16.7083333333,57.625,1
Zmar,-123.345,48.505,OBIS,1277596,4640.64207094,-123.375,48.5416666667,1
Zmar,22.70312,59.07409,OBIS,1038334,3624.19993101,22.7083333333,59.0416666667,1
Zmar,22.06693,58.91729,OBIS,1040346,4797.81110176,22.0416666667,58.9583333333,1
Zmar,-131.6933441,52.76789093,OBIS,1185364,2832.55387904,-131.708333333,52.7916666667,1
Zmar,-1.253526682,50.75478717,OBIS,1227903,4906.07499449,-1.29166666667,50.7916666667,1
Zmar,8.420517182,55.01196869,OBIS,1136348,4096.20925652,8.45833333333,55.0416666667,1
Zmar,18.17714,57.39047,OBIS,1079606,2547.20497158,18.2083333333,57.375,1
Zmar,-4.594786999,53.28618187,OBIS,1175712,2105.28494963,-4.625,53.2916666667,1
Zmar,-5.456940918,50.10668603,OBIS,1242563,2039.51957257,-5.45833333333,50.125,1
Zmar,-131.4376831,52.57754898,OBIS,1190535,4231.3870764,-131.458333333,52.5416666667,1
Zmar,12.09967,57.222,OBIS,1083665,2158.40609311,12.125,57.2083333333,1
Zmar,33.29767771,46.07019512,OBIS,1335554,3204.94316335,33.2916666667,46.0416666667,1
Zmar,-70.906416,42.420889,OBIS,1426185,4897.1338278,-70.875,42.4583333333,1
Zmar,17.14645,58.64771,OBIS,1048459,2819.77701359,17.125,58.625,1
Zmar,-131.6042786,52.96284103,OBIS,1181926,1480.04862226,-131.625,52.9583333333,1
Zmar,-70.72779846,43.05804062,OBIS,1410412,2413.30993763,-70.7083333333,43.0416666667,1
Zmar,-71.07692719,41.51361847,OBIS,1451572,4285.39500861,-71.0416666667,41.5416666667,1
Zmar,-131.725174,52.49887848,OBIS,1192258,4654.54856815,-131.708333333,52.4583333333,1
Zmar,12.523,55.928001,OBIS,1114115,3572.96562594,12.5416666667,55.9583333333,1
Zmar,-74.62973334,39.202,OBIS,1516811,813.348846848,-74.625,39.2083333333,1
Zmar,25.742119,59.65416,OBIS,1024683,3766.3172176,25.7083333333,59.625,1
Zmar,-60.34,46.22,OBIS,1330814,2995.94762088,-60.375,46.2083333333,1
Zmar,23.48489,59.19045,OBIS,1034324,2504.32322693,23.4583333333,59.2083333333,1
Zmar,14.28097,55.4584,OBIS,1126283,676.738985587,14.2916666667,55.4583333333,1
Zmar,-74.06936667,39.68196665,OBIS,1502416,3770.26581275,-74.0416666667,39.7083333333,1
Zmar,-70.24314117,43.66230011,OBIS,1395094,5006.21234061,-70.2083333333,43.625,1
Zmar,0.730000019,40.61999893,OBIS,1477596,1915.56088686,0.708333333333,40.625,1
Zmar,-108.2,25.011389,GBIF,1946726,3457.80608034,-108.208333333,25.0416666667,1
Zmar,-8.000469,37.0739,GBIF,1581724,5120.8913924,-8.04166666667,37.0416666667,1
Zmar,-119.68,34.41,GBIF,1661345,4675.73760878,-119.708333333,34.375,1
Zmar,143.320233,52.699,GBIF,1187806,2192.57251388,143.291666667,52.7083333333,1
Zmar,12.35778,45.39667,GBIF,1351628,2760.26396171,12.375,45.375,1
Zmar,12.3375,54.29778,GBIF,1153925,2534.73762973,12.375,54.2916666667,1
Zmar,3.2853,42.2903,GBIF,1431542,546.578007174,3.29166666667,42.2916666667,1
Zmar,4.760797,52.956281,GBIF,1182629,2087.08211729,4.79166666667,52.9583333333,1
Zmar,6.597941,53.538643,GBIF,1170532,1825.20414576,6.625,53.5416666667,1
Zmar,5.425152,53.174638,GBIF,1177510,4356.7083368,5.45833333333,53.2083333333,1
Zmar,4.951427,53.250184,GBIF,1175786,4639.5987916,4.95833333333,53.2916666667,1
Zmar,4.388678,52.171383,GBIF,1198124,4216.56191425,4.375,52.2083333333,1
Zmar,-4.751192,54.751624,GBIF,1142138,5162.81373446,-4.79166666667,54.7916666667,1
Zmar,14.266153,53.918425,GBIF,1161441,4747.46173699,14.2916666667,53.9583333333,1
Zmar,-119.393,34.0045,GBIF,1671636,4445.21225371,-119.375,34.0416666667,1
Zmar,-117.33649,33.14704,GBIF,1700019,4345.94080683,-117.375,33.125,1
Zmar,-117.15015,32.65769,GBIF,1715377,4325.64569534,-117.125,32.625,1
Zmar,-111.96472,28.81361,GBIF,1828983,2510.68337773,-111.958333333,28.7916666667,1
Zmar,-112.6934,28.97366,GBIF,1823894,2237.04347314,-112.708333333,28.9583333333,1
Zmar,-112.23681,28.89043,GBIF,1826437,3262.08273193,-112.208333333,28.875,1
Zmar,-113.69167,26.78333,GBIF,1890621,1897.08396718,-113.708333333,26.7916666667,1
Zmar,-120.375,34.03667,GBIF,1671624,554.245724652,-120.375,34.0416666667,1
Zmar,-119.88389,34.00694,GBIF,1671630,3938.51498695,-119.875,34.0416666667,1
Zmar,-71.42056,41.48833,GBIF,1453868,4588.51431142,-71.4583333333,41.4583333333,1
Zmar,-123.05308,38.317432,GBIF,1543847,3029.23455974,-123.041666667,38.2916666667,1
Zmar,-124.219172,40.741156,GBIF,1474520,3758.17444754,-124.208333333,40.7083333333,1
Zmar,7.349674,62.592305,GBIF,969000,3869.14197102,7.375,62.625,1
Zmar,10.658771,59.378963,GBIF,1030358,1969.84979897,10.625,59.375,1
Zmar,16.83972,43.33361,GBIF,1402535,5415.35285534,16.875,43.375,1
Zmar,13.64722,45.53389,GBIF,1347607,1938.82421338,13.625,45.5416666667,1
Zmar,-162.62,55.28,GBIF,1129071,1337.12478638,-162.625,55.2916666667,1
Zmar,-119.9,34.4,GBIF,1661343,3602.30463784,-119.875,34.375,1
Zmar,-121.89,36.6,GBIF,1593314,3081.76355643,-121.875,36.625,1
Zmar,-132.721,56.5373,GBIF,1098901,918.51907997,-132.708333333,56.5416666667,1
Zmar,-122.26,37.52,GBIF,1566084,3690.13062836,-122.291666667,37.5416666667,1
Zmar,-162.85,55.31,GBIF,1129068,2585.94605952,-162.875,55.2916666667,1
Zmar,-163.5,55.02,GBIF,1135143,3593.98863251,-163.541666667,55.0416666667,1
Zmar,-113.19,26.82,GBIF,1890626,3630.1588702,-113.208333333,26.7916666667,1
Zmar,-124.04,44.62,GBIF,1369271,571.149316507,-124.041666667,44.625,1
Zmar,145.25,43.59,GBIF,1396189,5141.725915,145.291666667,43.625,1
Zmar,-156.13,57.47,GBIF,1076255,1333.4949316,-156.125,57.4583333333,1
Zmar,-164.19,59.81,GBIF,1019521,2287.12181542,-164.208333333,59.7916666667,1
Zmar,-164.75,64.48,GBIF,940421,3138.93730545,-164.791666667,64.4583333333,1
Zmar,-135.39,57.82,GBIF,1068210,3279.19461746,-135.375,57.7916666667,1
Zmar,-159.27,54.92,GBIF,1137187,4487.61225886,-159.291666667,54.9583333333,1
Zmar,-113.98,27.7,GBIF,1862176,2327.95893294,-113.958333333,27.7083333333,1
Zmar,-122.92,48.76,GBIF,1272034,4509.90139166,-122.958333333,48.7916666667,1
Zmar,-135.39,57.2,GBIF,1082626,1297.35684979,-135.375,57.2083333333,1
Zmar,-161.94,58.65,GBIF,1047122,2981.3418742,-161.958333333,58.625,1
Zmar,-122.88,48.66,GBIF,1275757,3909.50108992,-122.875,48.625,1
Zmar,-122.88,48.55,GBIF,1277601,997.504276887,-122.875,48.5416666667,1
Zmar,-164.78,66.52,GBIF,913351,2471.20858812,-164.791666667,66.5416666667,1
Zmar,-111.85,26.72,GBIF,1893249,2803.42423224,-111.875,26.7083333333,1
Zmar,-147.29,60.22,GBIF,1010504,1303.13225849,-147.291666667,60.2083333333,1
Zmar,-80.7,51.8,GBIF,1206019,1090.97247657,-80.7083333333,51.7916666667,1
Zmar,-160.56,55.33,GBIF,1129088,4423.55140436,-160.541666667,55.2916666667,1
Zmar,-161.73,58.6,GBIF,1047125,3056.19803161,-161.708333333,58.625,1
Zmar,-134.897,58.2369,GBIF,1057708,3434.4264041,-134.875,58.2083333333,1
Zmar,-161.21,58.78,GBIF,1043031,1303.1359347,-161.208333333,58.7916666667,1
Zmar,-135.313,56.9782,GBIF,1088772,2564.78951828,-135.291666667,56.9583333333,1
Zmar,-135.668,57.5508,GBIF,1074434,2620.58273569,-135.708333333,57.5416666667,1
Zmar,-122.263056,38.040556,GBIF,1551302,2514.56558372,-122.291666667,38.0416666667,1
Zmar,8.666945,54.491943,GBIF,1150035,4603.86850053,8.70833333333,54.4583333333,1
Zmar,13.50516,54.48372,GBIF,1150080,3686.13459137,13.5416666667,54.4583333333,1
Zmar,22.980643,59.856006,GBIF,1018966,2457.70063667,22.9583333333,59.875,1
Zmar,24.041767,59.97396,GBIF,1017107,1741.00270505,24.0416666667,59.9583333333,1
Zmar,22.230722,60.100667,GBIF,1013452,2983.26160366,22.2083333333,60.125,1
Zmar,24.390815,59.976865,GBIF,1017111,2245.67334661,24.375,59.9583333333,1
Zmar,22.727066,59.951402,GBIF,1017092,1300.74351146,22.7083333333,59.9583333333,1
Zmar,21.613454,60.459257,GBIF,1006621,643.606945582,21.625,60.4583333333,1
Zmar,21.23827,59.903611,GBIF,1018945,3601.34405793,21.2083333333,59.875,1
Zmar,21.966276,60.239263,GBIF,1011692,3474.06459784,21.9583333333,60.2083333333,1
Zmar,21.408366,60.69818,GBIF,1001808,2144.80586045,21.375,60.7083333333,1
Zmar,19.493727,60.24351,GBIF,1011663,4382.68485172,19.4583333333,60.2083333333,1
Zmar,21.027451,60.722217,GBIF,1001804,1730.7208902,21.0416666667,60.7083333333,1
Zmar,20.247582,60.104047,GBIF,1013428,3195.78289482,20.2083333333,60.125,1
Zmar,22.316686,59.811574,GBIF,1020850,2625.1280055,22.2916666667,59.7916666667,1
Zmar,21.345328,61.05543,GBIF,995578,2218.50542902,21.375,61.0416666667,1
Zmar,20.608297,59.964494,GBIF,1017067,1158.36208047,20.625,59.9583333333,1
Zmar,20.288607,60.299818,GBIF,1009960,923.826912949,20.2916666667,60.2916666667,1
Zmar,22.101354,60.424169,GBIF,1006627,4023.03890784,22.125,60.4583333333,1
Zmar,21.452092,60.124237,GBIF,1013443,357.21825407,21.4583333333,60.125,1
Zmar,20.957791,60.01702,GBIF,1015230,2746.12025326,20.9583333333,60.0416666667,1
Zmar,21.181199,60.279052,GBIF,1009971,2056.33547994,21.2083333333,60.2916666667,1
Zmar,11.434089,58.271848,GBIF,1056678,2626.01578421,11.4583333333,58.2916666667,1
Zmar,-147.75,60.39,GBIF,1007107,2841.56409324,-147.708333333,60.375,1
Zmar,-123.1,49.0,GBIF,1266431,4981.48786684,-123.125,49.0416666667,1
Zmar,-124.81,49.94,GBIF,1245658,2426.85203287,-124.791666667,49.9583333333,1
Zmar,-124.2,48.3,GBIF,1283105,1113.98518051,-124.208333333,48.2916666667,1
Zmar,-125.11,48.85,GBIF,1270158,2990.09907497,-125.125,48.875,1
Zmar,-124.21,49.77,GBIF,1249474,2412.85908816,-124.208333333,49.7916666667,1
Zmar,-123.8,49.2,GBIF,1262689,1108.01529233,-123.791666667,49.2083333333,1
Zmar,-149.51,60.99,GBIF,995974,3923.1824934,-149.541666667,60.9583333333,1
Zmar,-125.3,50.09,GBIF,1241826,3938.46672824,-125.291666667,50.125,1
Zmar,-125.901066,49.0996806,GBIF,1264551,3398.56666291,-125.875,49.125,1
Zmar,-123.13,49.28,GBIF,1260823,1347.53777625,-123.125,49.2916666667,1
Zmar,-139.6,59.7,GBIF,1021590,1686.0575473,-139.625,59.7083333333,1
Zmar,-130.5,54.3,GBIF,1153118,2867.11081611,-130.458333333,54.2916666667,1
Zmar,-147.96,60.11,GBIF,1012224,1673.78156823,-147.958333333,60.125,1
Zmar,-166.2,60.4,GBIF,1007055,2823.12542591,-166.208333333,60.375,1
Zmar,-123.8,49.01,GBIF,1266423,3574.00344029,-123.791666667,49.0416666667,1
Zmar,-127.38,50.03,GBIF,1243729,1346.21343668,-127.375,50.0416666667,1
Zmar,-163.05,54.69,GBIF,1143035,2110.36521437,-163.041666667,54.7083333333,1
Zmar,-152.8,58.4,GBIF,1053351,2826.95202115,-152.791666667,58.375,1
Zmar,-153.463,59.659,GBIF,1023329,3796.94409698,-153.458333333,59.625,1
Zmar,-127.56,50.09,GBIF,1241820,4108.05922286,-127.541666667,50.125,1
Zmar,-162.5918,54.449,GBIF,1148873,2390.89771862,-162.625,54.4583333333,1
Zmar,-123.82,48.36,GBIF,1281265,2681.27972628,-123.791666667,48.375,1
Zmar,-154.55,58.0791,GBIF,1061659,4198.19904366,-154.541666667,58.0416666667,1
Zmar,-128.11945,51.67435,GBIF,1207741,3800.463058,-128.125,51.7083333333,1
Zmar,-124.89,49.58,GBIF,1255150,4399.39961298,-124.875,49.5416666667,1
Zmar,-130.44,54.6,GBIF,1145375,3024.50617231,-130.458333333,54.625,1
Zmar,-139.8,59.5,GBIF,1025401,4665.74383924,-139.791666667,59.5416666667,1
Zmar,-154.25,58.31,GBIF,1055400,3184.16903668,-154.208333333,58.2916666667,1
Zmar,-126.3,50.51,GBIF,1232639,3571.79479231,-126.291666667,50.5416666667,1
Zmar,-152.49,57.72,GBIF,1070098,2291.44631283,-152.458333333,57.7083333333,1
Zmar,-123.59,48.94,GBIF,1268297,3275.50804863,-123.625,48.9583333333,1
Zmar,-132.82,56.79,GBIF,1092840,1741.44517522,-132.791666667,56.7916666667,1
Zmar,-130.8,54.5,GBIF,1147323,4669.39719793,-130.791666667,54.5416666667,1
Zmar,-148.06,60.57,GBIF,1003800,3313.29653401,-148.041666667,60.5416666667,1
Zmar,-154.0475,56.7662,GBIF,1092596,2858.19693977,-154.041666667,56.7916666667,1
Zmar,-126.84,49.6,GBIF,1253251,3758.93350297,-126.875,49.625,1
Zmar,-131.8,55.3,GBIF,1129428,1068.13823335,-131.791666667,55.2916666667,1
Zmar,-127.72,50.6,GBIF,1230814,2901.03155593,-127.708333333,50.625,1
Zmar,-68.806116,44.390969,GBIF,1375613,2115.31857274,-68.7916666667,44.375,1
Zmar,-79.383333,54.183333,GBIF,1155079,2835.40401894,-79.375,54.2083333333,1
Zmar,-76.183333,56.2,GBIF,1107121,1807.8838882,-76.2083333333,56.2083333333,1
Zmar,-66.736389,50.044722,GBIF,1243751,2038.20149172,-66.7083333333,50.0416666667,1
Zmar,-63.696944,50.279167,GBIF,1238108,1609.99729449,-63.7083333333,50.2916666667,1
Zmar,-130.542778,53.576111,GBIF,1169784,3834.25014032,-130.541666667,53.5416666667,1
Zmar,-130.681944,53.945833,GBIF,1160642,2222.01172491,-130.708333333,53.9583333333,1
Zmar,26.906183,60.455844,GBIF,1006636,1738.22433131,26.875,60.4583333333,1
Zmar,24.92525,60.170379,GBIF,1011707,4609.87374137,24.9583333333,60.2083333333,1
Zmar,11.203694,42.393759,GBIF,1429320,2118.4981188,11.2083333333,42.375,1
Zmar,-3.0877,43.3869,GBIF,1402415,3299.1155093,-3.125,43.375,1
Zmar,-3.8663,43.4377,GBIF,1400233,2398.12619637,-3.875,43.4583333333,1
Zmar,-9.0014,42.1802,GBIF,1433846,4563.70655437,-9.04166666667,42.2083333333,1
Zmar,-5.3892,43.5151,GBIF,1398041,3166.99574622,-5.375,43.5416666667,1
Zmar,-3.3967,43.4313,GBIF,1400238,3479.42221684,-3.375,43.4583333333,1
Zmar,-1.6153,37.3845,GBIF,1571842,1360.04362696,-1.625,37.375,1
Zmar,145.7541,43.38203,GBIF,1402770,3142.94336226,145.791666667,43.375,1
Zmar,-80.45,51.35,GBIF,1214833,2841.29414044,-80.4583333333,51.375,1
Zmar,-3.114167,59.010361,GBIF,1038139,3542.37686349,-3.125,59.0416666667,1
Zmar,140.786278,42.517361,GBIF,1425067,2736.01900591,140.791666667,42.5416666667,1
Zmar,8.500056,53.921556,GBIF,1161420,4921.72664401,8.54166666667,53.9583333333,1
Zmar,-116.939039,32.228858,GBIF,1727966,2913.47514622,-116.958333333,32.2083333333,1
Zmar,-112.2885145,28.76128453,GBIF,1828979,3381.35421748,-112.291666667,28.7916666667,1
Zmar,-112.025,24.625,GBIF,1960504,1687.57218777,-112.041666667,24.625,1
Zmar,-0.66,38.06,GBIF,1552113,3684.87407586,-0.625,38.0416666667,1
Zmar,-7.08,43.56,GBIF,1398023,3707.35908389,-7.04166666667,43.5416666667,1
Zmar,0.18,38.77,GBIF,1529852,3441.87336608,0.208333333333,38.7916666667,1
Zmar,13.0817,54.3484,GBIF,1152005,3942.00477948,13.0416666667,54.375,1
Zmar,8.9024,63.3876,GBIF,957313,1962.22031666,8.875,63.375,1
Zmar,11.4153,53.9484,GBIF,1161433,2867.3847637,11.375,53.9583333333,1
Zmar,13.7483,54.2484,GBIF,1155838,5165.60432541,13.7083333333,54.2083333333,1
Zmar,145.083333,42.033333,GBIF,1438972,3572.07893737,145.041666667,42.0416666667,1
Zmar,-60.3,45.716667,GBIF,1342862,1130.91293479,-60.2916666667,45.7083333333,1
Zmar,-59.89536,46.17859,GBIF,1330819,3660.67266141,-59.875,46.2083333333,1
Zmar,-65.62145,43.390497,GBIF,1401716,1745.58624126,-65.625,43.375,1
Zmar,-62.040437,46.421688,GBIF,1324883,4074.58795093,-62.0416666667,46.4583333333,1
Zmar,-56.1772,46.7749,GBIF,1317155,3020.97531069,-56.2083333333,46.7916666667,1
Zmar,-62.55,46.55,GBIF,1322915,1125.44987336,-62.5416666667,46.5416666667,1
Zmar,-64.30388434,48.57043967,GBIF,1277620,3324.27673329,-64.2916666667,48.5416666667,1
Zmar,-94.066667,61.116667,GBIF,992885,1636.50321638,-94.0416666667,61.125,1
Zmar,-123.166667,48.116667,GBIF,1286802,3237.51983606,-123.208333333,48.125,1
Zmar,-64.45,46.233333,GBIF,1330777,2852.26554787,-64.4583333333,46.2083333333,1
Zmar,-68.133333,48.616667,GBIF,1275775,1111.8056867,-68.125,48.625,1
Zmar,-64.433333,48.85,GBIF,1270196,3330.79883878,-64.4583333333,48.875,1
Zmar,-64.316667,46.624111,GBIF,1320932,1917.25218929,-64.2916666667,46.625,1
Zmar,-62.447222,50.261944,GBIF,1238119,3399.73401758,-62.4583333333,50.2916666667,1
Zmar,-57.6,51.45,GBIF,1213057,1969.61385718,-57.625,51.4583333333,1
Zmar,33.657074,66.719066,GBIF,912073,1853.68971382,33.625,66.7083333333,1
Zmar,11.153582,58.874468,GBIF,1042320,1649.78641131,11.125,58.875,1
Zmar,10.6116,63.568,GBIF,954729,3010.01406016,10.625,63.5416666667,1
Zmar,11.6491,65.0847,GBIF,932483,4633.73277473,11.625,65.125,1
Zmar,10.6418,59.6628,GBIF,1024596,4316.43070748,10.625,59.625,1
Zmar,12.57479578,66.35554169,GBIF,916476,2628.03448174,12.5416666667,66.375,1
Zmar,10.8217,59.1862,GBIF,1034256,3004.15403413,10.7916666667,59.2083333333,1
Zmar,5.90741,62.57994,GBIF,970296,4579.86876151,5.875,62.5416666667,1
Zmar,15.83352,69.11896,GBIF,873522,1782.65548027,15.875,69.125,1
Zmar,5.1194,59.45436,GBIF,1028414,544.790134318,5.125,59.4583333333,1
Zmar,5.13337,59.2617,GBIF,1032279,3372.2191773,5.125,59.2916666667,1
Zmar,12.97254,66.24141,GBIF,918698,3743.4077645,12.9583333333,66.2083333333,1
Zmar,6.9459,58.0569,GBIF,1062900,1848.7123575,6.95833333333,58.0416666667,1
Zmar,9.1137,58.7129,GBIF,1046371,829.256645595,9.125,58.7083333333,1
Zmar,10.7431,59.904,GBIF,1018915,3771.91954008,10.7083333333,59.875,1
Zmar,8.084217021,58.13446378,GBIF,1060811,2623.91594543,8.125,58.125,1
Zmar,11.2257,59.1291,GBIF,1036251,1094.34070739,11.2083333333,59.125,1
Zmar,7.5243,57.9887,GBIF,1065025,3534.84491734,7.54166666667,57.9583333333,1
Zmar,8.5926,58.3401,GBIF,1054572,4325.37040226,8.625,58.375,1
Zmar,13.4288,66.8228,GBIF,910962,3706.80980705,13.4583333333,66.7916666667,1
Zmar,10.8313,64.9533,GBIF,934570,1955.08070517,10.7916666667,64.9583333333,1
Zmar,8.3283,63.4464,GBIF,956007,2260.37361415,8.29166666667,63.4583333333,1
Zmar,7.0973,62.9595,GBIF,963756,1411.61171498,7.125,62.9583333333,1
Zmar,4.892488803,61.21164876,GBIF,992423,1010.01574558,4.875,61.2083333333,1
Zmar,7.86947,63.43963,GBIF,956002,2103.01489335,7.875,63.4583333333,1
Zmar,10.1311479,59.03311844,GBIF,1038261,1015.5497441,10.125,59.0416666667,1
Zmar,5.42391,62.25551,GBIF,974299,4408.33523695,5.45833333333,62.2916666667,1
Zmar,5.885637495,58.47945377,GBIF,1052517,2433.04603232,5.875,58.4583333333,1
Zmar,8.9698,63.6079,GBIF,953422,1989.20545629,8.95833333333,63.625,1
Zmar,11.3279,63.8405,GBIF,949681,4238.66669542,11.2916666667,63.875,1
Zmar,7.5683,63.0084,GBIF,962466,3945.54348409,7.54166666667,63.0416666667,1
Zmar,14.7187,68.5077,GBIF,884835,3812.35695326,14.7083333333,68.5416666667,1
Zmar,7.9716,62.7695,GBIF,966383,2561.8110994,7.95833333333,62.7916666667,1
Zmar,10.1662,63.3438,GBIF,957323,4043.12461034,10.125,63.375,1
Zmar,8.2775,63.0766,GBIF,962474,3959.11785838,8.29166666667,63.0416666667,1
Zmar,25.2456,70.4545,GBIF,840359,1456.1395943,25.2083333333,70.4583333333,1
Zmar,9.5756,63.6532,GBIF,953429,3565.11690322,9.54166666667,63.625,1
Zmar,11.248,64.8144,GBIF,936733,3158.68843912,11.2083333333,64.7916666667,1
Zmar,15.3351,68.0143,GBIF,893654,3477.74870289,15.375,68.0416666667,1
Zmar,35.524185,45.280632,GBIF,1353720,1839.82864784,35.5416666667,45.2916666667,1
Zmar,34.897428,44.830644,GBIF,1365968,4680.74660949,34.875,44.7916666667,1
Zmar,34.59496,44.771782,GBIF,1365965,3245.85780852,34.625,44.7916666667,1
Zmar,33.376122,45.196615,GBIF,1355738,1305.30572901,33.375,45.2083333333,1
Zmar,34.50468,66.5373,GBIF,914290,1714.42685278,34.5416666667,66.5416666667,1
Zmar,33.43071,66.551589,GBIF,914277,1652.46960314,33.4583333333,66.5416666667,1
Zmar,35.820678,65.102931,GBIF,932556,2812.7559186,35.7916666667,65.125,1
Zmar,158.548164,52.970146,GBIF,1182810,1385.17720228,158.541666667,52.9583333333,1
Zmar,145.685559,43.986927,GBIF,1387460,3665.18737769,145.708333333,43.9583333333,1
Zmar,159.982824,54.130209,GBIF,1157963,1702.82756331,159.958333333,54.125,1
Zmar,145.861552,44.025479,GBIF,1385290,2096.96595342,145.875,44.0416666667,1
Zmar,148.34107,45.288456,GBIF,1353865,2685.55147144,148.375,45.2916666667,1
Zmar,150.778427,59.476825,GBIF,1028574,2192.52002046,150.791666667,59.4583333333,1
Zmar,13.93333,44.81667,GBIF,1365897,3410.78803308,13.9583333333,44.7916666667,1
Zmar,25.290021,60.085814,GBIF,1013471,4366.83149684,25.2916666667,60.125,1
Zmar,27.67861,60.467646,GBIF,1006646,1936.74101363,27.7083333333,60.4583333333,1
Zmar,20.74094,60.339535,GBIF,1008273,4342.03211002,20.7083333333,60.375,1
Zmar,21.532374,61.512537,GBIF,986643,3283.58806051,21.5416666667,61.5416666667,1
Zmar,-4.71192,55.43028,GBIF,1126129,3131.46218384,-4.70833333333,55.4583333333,1
Zmar,-5.06641,55.21064,GBIF,1132220,1595.96261084,-5.04166666667,55.2083333333,1
Zmar,-5.79579,56.0129,GBIF,1111881,3213.24843664,-5.79166666667,56.0416666667,1
Zmar,-2.62399,59.24058,GBIF,1034144,3592.70955551,-2.625,59.2083333333,1
Zmar,143.608467,46.38625,GBIF,1327681,1783.68891054,143.625,46.375,1
Zmar,-2.4788,47.278055,GBIF,1306258,2165.03122883,-2.45833333333,47.2916666667,1
Zmar,7.888889,54.180278,GBIF,1155805,3251.72086832,7.875,54.2083333333,1
Zmar,3.700833,43.407778,GBIF,1402432,3692.00265353,3.70833333333,43.375,1
Zmar,-3.525278,50.461944,GBIF,1235113,1231.10514727,-3.54166666667,50.4583333333,1
Zmar,29.026944,40.988611,GBIF,1468669,3583.51515342,29.0416666667,40.9583333333,1
Zmar,-162.310278,55.061667,GBIF,1135155,2524.34072234,-162.291666667,55.0416666667,1
Zmar,-116.141667,30.772222,GBIF,1769826,2681.88045651,-116.125,30.7916666667,1
Zmar,14.708432,55.174972,GBIF,1132396,3714.02432381,14.7083333333,55.2083333333,1
Zmar,12.581126,55.555808,GBIF,1124252,2946.4852737,12.5416666667,55.5416666667,1
Zmar,12.379111,55.255011,GBIF,1130336,4089.17879663,12.375,55.2916666667,1
Zmar,11.927364,55.814338,GBIF,1118185,3184.83761839,11.9583333333,55.7916666667,1
Zmar,11.873809,54.646906,GBIF,1146186,2439.718476,11.875,54.625,1
Zmar,11.738988,54.946705,GBIF,1138363,2352.26572174,11.7083333333,54.9583333333,1
Zmar,11.376001,54.882431,GBIF,1140335,829.719999912,11.375,54.875,1
Zmar,11.382569,55.781163,GBIF,1118180,1262.18589064,11.375,55.7916666667,1
Zmar,10.902349,55.744599,GBIF,1120195,4388.16608447,10.875,55.7083333333,1
Zmar,10.745424,55.081873,GBIF,1136366,5064.66071775,10.7083333333,55.0416666667,1
Zmar,10.773825,55.369064,GBIF,1128293,1310.07059975,10.7916666667,55.375,1
Zmar,10.684086,56.224061,GBIF,1107952,2308.67011705,10.7083333333,56.2083333333,1
Zmar,10.375587,57.063478,GBIF,1087738,2429.18910579,10.375,57.0416666667,1
Zmar,10.341973,56.587655,GBIF,1097855,4626.74260176,10.375,56.625,1
Zmar,10.296836,56.219741,GBIF,1107947,1310.06551176,10.2916666667,56.2083333333,1
Zmar,10.256378,55.968563,GBIF,1114090,2480.76038823,10.2916666667,55.9583333333,1
Zmar,10.378465,54.88886,GBIF,1140325,1558.85886653,10.375,54.875,1
Zmar,10.283261,56.776955,GBIF,1093809,1716.90936672,10.2916666667,56.7916666667,1
Zmar,10.010726,55.764153,GBIF,1118164,3626.76300112,10.0416666667,55.7916666667,1
Zmar,10.068818,55.556984,GBIF,1124237,2417.63448815,10.0416666667,55.5416666667,1
Zmar,9.698979,55.263113,GBIF,1130326,3233.95121178,9.70833333333,55.2916666667,1
Zmar,9.734597,55.487556,GBIF,1126255,3652.85301737,9.70833333333,55.4583333333,1
Zmar,9.303192,56.998793,GBIF,1089764,4559.7471316,9.29166666667,56.9583333333,1
Zmar,9.847785,57.059177,GBIF,1087735,2555.46465494,9.875,57.0416666667,1
Zmar,9.283867,56.621521,GBIF,1097853,615.88078468,9.29166666667,56.625,1
Zmar,9.789648,55.073846,GBIF,1136355,3584.67298333,9.79166666667,55.0416666667,1
Zmar,8.876192,56.702637,GBIF,1095823,638.500980656,8.875,56.7083333333,1
Zmar,9.460462,55.048576,GBIF,1136351,781.119889239,9.45833333333,55.0416666667,1
Zmar,8.617174,56.477508,GBIF,1101900,2188.91616287,8.625,56.4583333333,1
Zmar,8.351283,55.883403,GBIF,1116137,1754.62581584,8.375,55.875,1
Zmar,17.5042,68.4888,GBIF,886387,3728.84342985,17.5416666667,68.4583333333,1
Zmar,15.4126,68.6353,GBIF,883287,1913.04664595,15.375,68.625,1
Zmar,13.78183488,68.16083182,GBIF,892246,4017.43445895,13.7916666667,68.125,1
Zmar,14.40415276,68.3167444,GBIF,889347,3044.96361196,14.375,68.2916666667,1
Zmar,14.9405443,67.24140195,GBIF,905512,3767.25355639,14.9583333333,67.2083333333,1
Zmar,6.5565,58.2262,GBIF,1058716,2172.60884193,6.54166666667,58.2083333333,1
Zmar,28.78157268,70.16542889,GBIF,849702,4526.61545036,28.7916666667,70.125,1
Zmar,21.03767537,69.87826839,GBIF,856320,395.54431021,21.0416666667,69.875,1
Zmar,12.14506717,66.53594538,GBIF,914250,1096.58936968,12.125,66.5416666667,1
Zmar,14.4318,67.2692,GBIF,904404,2754.43422866,14.4583333333,67.2916666667,1
Zmar,15.31329616,68.29055138,GBIF,889357,901.823008397,15.2916666667,68.2916666667,1
Zmar,12.09030217,65.90461765,GBIF,922822,3662.00188064,12.125,65.875,1
Zmar,12.12760482,67.51198768,GBIF,901085,3311.93947747,12.125,67.5416666667,1
Zmar,12.6335,66.5661,GBIF,914256,2750.72801985,12.625,66.5416666667,1
Zmar,15.93541817,68.39586149,GBIF,887869,2510.49763398,15.9583333333,68.375,1
Zmar,13.16041617,68.02371998,GBIF,893627,2488.86793182,13.125,68.0416666667,1
Zmar,15.96684491,67.99204392,GBIF,895004,3776.77169692,15.9583333333,67.9583333333,1
Zmar,12.5447,65.4067,GBIF,929250,3537.3126773,12.5416666667,65.375,1
Zmar,16.61263189,68.6777798,GBIF,881714,3444.83137808,16.625,68.7083333333,1
Zmar,24.92406284,70.18020808,GBIF,847432,3395.07329188,24.9583333333,70.2083333333,1
Zmar,12.13083037,65.43349788,GBIF,928142,2782.31136179,12.125,65.4583333333,1
Zmar,13.78590232,67.10318546,GBIF,906586,2445.6702936,13.7916666667,67.125,1
Zmar,18.74567426,69.63063986,GBIF,862570,1581.82699812,18.7083333333,69.625,1
Zmar,-76.4608,38.3214,GBIF,1543852,3307.51206466,-76.4583333333,38.2916666667,1
Zmar,-69.343333,48.0275,GBIF,1288664,2838.72135728,-69.375,48.0416666667,1
Zmar,-63.331667,50.200833,GBIF,1239975,2975.03914154,-63.2916666667,50.2083333333,1
Zmar,-67.3,49.416667,GBIF,1257059,4673.30408817,-67.2916666667,49.4583333333,1
Zmar,-61.763889,47.508333,GBIF,1299857,4255.69219138,-61.7916666667,47.5416666667,1
Zmar,-122.27167,37.87167,GBIF,1556229,1797.777904,-122.291666667,37.875,1
Zmar,-78.85,52.983333,GBIF,1181990,3249.77537115,-78.875,52.9583333333,1
Zmar,19.47145,41.8552,GBIF,1443269,2454.06545381,19.4583333333,41.875,1
Zmar,-69.24027,44.01916,GBIF,1384213,3578.90643872,-69.2083333333,44.0416666667,1
Zmar,22.950833,58.934722,GBIF,1040353,2665.36692336,22.9583333333,58.9583333333,1
Zmar,-130.96,54.96,GBIF,1137526,214.063395976,-130.958333333,54.9583333333,1
Zmar,-131.15,55.22,GBIF,1131475,2054.07765416,-131.125,55.2083333333,1
Zmar,-161.89,59.07,GBIF,1036940,3271.48332766,-161.875,59.0416666667,1
Zmar,-152.53,58.11,GBIF,1059581,1806.66777356,-152.541666667,58.125,1
Zmar,-153.89,57.7,GBIF,1070088,1288.85294096,-153.875,57.7083333333,1
Zmar,-146.4,61.12,GBIF,992882,1458.11876354,-146.375,61.125,1
Zmar,-132.15,55.01,GBIF,1135516,3870.87855806,-132.125,55.0416666667,1
Zmar,-166.06,66.25,GBIF,916666,4718.73511225,-166.041666667,66.2916666667,1
Zmar,-163.2,55.46,GBIF,1124994,558.879021761,-163.208333333,55.4583333333,1
Zmar,-162.583333,66.9,GBIF,909022,3332.68578155,-162.541666667,66.875,1
Zmar,-132.485878,56.761272,GBIF,1092844,3780.40294583,-132.458333333,56.7916666667,1
Zmar,-153.29427,57.093,GBIF,1084460,3567.06820238,-153.291666667,57.125,1
Zmar,-150.3149368,59.48862801,GBIF,1027197,3623.53743984,-150.291666667,59.4583333333,1
Zmar,-157.4718656,56.75892644,GBIF,1092555,3738.50972138,-157.458333333,56.7916666667,1
Zmar,-130.99,55.39,GBIF,1127395,2611.0229311,-130.958333333,55.375,1
Zmar,6.562538772,61.29687038,GBIF,990938,1260.21038245,6.54166666667,61.2916666667,1
Zmar,7.5641,63.22807,GBIF,959871,2472.40091128,7.54166666667,63.2083333333,1
Zmar,4.8305,60.5043,GBIF,1004922,4677.84329776,4.79166666667,60.5416666667,1
Zmar,4.9198,60.7166,GBIF,1001748,2296.57324973,4.95833333333,60.7083333333,1
Zmar,5.9791,60.0848,GBIF,1013401,4625.40107421,5.95833333333,60.125,1
Zmar,5.6942,59.8373,GBIF,1018908,4274.18163028,5.70833333333,59.875,1
Zmar,6.528,60.0986,GBIF,1013406,3037.94129176,6.54166666667,60.125,1
Zmar,10.4394,59.08,GBIF,1038265,4406.18855474,10.4583333333,59.0416666667,1
Zmar,5.1227,59.8903,GBIF,1018903,1709.43623301,5.125,59.875,1
Zmar,-6.12,56.495,GBIF,1101754,4094.45974381,-6.125,56.4583333333,1
Zmar,35.2,66.47,GBIF,915391,1352.99563597,35.2083333333,66.4583333333,1
Zmar,-6.915,57.839,GBIF,1066981,4659.98909044,-6.875,57.875,1
Zmar,-6.318505,49.946597,GBIF,1246376,2326.78396793,-6.29166666667,49.9583333333,1
Zmar,-0.340586,50.814741,GBIF,1227913,3531.90533381,-0.375,50.7916666667,1
Zmar,5.6942,59.0593,GBIF,1038245,2125.1672545,5.70833333333,59.0416666667,1
Zmar,-8.90399,42.5404,GBIF,1424640,2385.54387257,-8.875,42.5416666667,1
Zmar,-4.06318,36.74822,GBIF,1591658,4825.49512911,-4.04166666667,36.7083333333,1
Zmar,-4.45095,36.68193,GBIF,1591653,3003.40293755,-4.45833333333,36.7083333333,1
Zmar,5.7797,59.55753,GBIF,1026498,1892.4107709,5.79166666667,59.5416666667,1
Zmar,13.9149,54.0485,GBIF,1159595,2722.06529105,13.875,54.0416666667,1
Zmar,12.7484,54.4484,GBIF,1150072,2824.21926678,12.7083333333,54.4583333333,1
Zmar,13.0817,54.5484,GBIF,1148140,2697.04541482,13.0416666667,54.5416666667,1
Zmar,23.435556,59.974444,GBIF,1017101,2200.08710889,23.4583333333,59.9583333333,1
Zmar,24.7,40.766667,GBIF,1473193,2863.94251837,24.7083333333,40.7916666667,1
Zmar,26.166667,39.183333,GBIF,1517861,4545.26359323,26.2083333333,39.2083333333,1
Zmar,-122.55352,48.53402,GBIF,1277605,1220.34066672,-122.541666667,48.5416666667,1
Zmar,-59.525,50.534444,GBIF,1232653,1428.83225741,-59.5416666667,50.5416666667,1
Zmar,-68.583333,48.45,GBIF,1279456,3218.27159832,-68.5416666667,48.4583333333,1
Zmar,-61.933333,47.316667,GBIF,1305559,3361.51370889,-61.9583333333,47.2916666667,1
Zmar,-69.916667,47.533333,GBIF,1299817,3271.02424327,-69.9583333333,47.5416666667,1
Zmar,-70.416667,47.366667,GBIF,1303616,3280.5179566,-70.4583333333,47.375,1
Zmar,-67.05209,45.07399,GBIF,1358963,3684.81664019,-67.0416666667,45.0416666667,1
Zmar,-2.15,36.733333,GBIF,1591681,3561.55465616,-2.125,36.7083333333,1
Zmar,-57.766667,49.85,GBIF,1247683,3311.04121561,-57.7916666667,49.875,1
Zmar,-64.866667,46.683333,GBIF,1318986,2851.30838295,-64.875,46.7083333333,1
Zmar,-65.64531,44.70987,GBIF,1367205,1618.4951756,-65.625,44.7083333333,1
Zmar,-60.163892,47.19704,GBIF,1307489,3203.09067463,-60.125,47.2083333333,1
Zmar,-64.3834,44.45103,GBIF,1373518,1051.47553683,-64.375,44.4583333333,1
Zmar,-64.083618,45.384271,GBIF,1350890,3401.0556866,-64.125,45.375,1
Zmar,-62.46568,44.84437,GBIF,1363080,3453.05614689,-62.4583333333,44.875,1
Zmar,-64.44103,44.21331,GBIF,1379941,1489.37545621,-64.4583333333,44.2083333333,1
Zmar,-61.00746,45.33549,GBIF,1350904,5144.51702303,-61.0416666667,45.375,1
Zmar,-63.272164,45.768161,GBIF,1340826,3020.93312892,-63.2916666667,45.7916666667,1
Zmar,-64.335084,45.367421,GBIF,1350887,3238.32863006,-64.375,45.375,1
Zmar,-64.210389,44.582653,GBIF,1371401,4557.46043226,-64.2083333333,44.5416666667,1
Zmar,-61.04543,46.54673,GBIF,1322933,632.549119128,-61.0416666667,46.5416666667,1
Zmar,-65.765833,43.516667,GBIF,1397330,3475.03493915,-65.7916666667,43.5416666667,1
Zmar,-62.08533,44.97203,GBIF,1361027,3480.25674258,-62.125,44.9583333333,1
Zmar,-61.89843,45.06333,GBIF,1358992,3033.59098799,-61.875,45.0416666667,1
Zmar,-66.26883,44.32806,GBIF,1377785,4435.49748872,-66.2916666667,44.2916666667,1
Zmar,-65.11649,43.69995,GBIF,1392958,1156.7606375,-65.125,43.7083333333,1
Zmar,141.2333,46.2287,GBIF,1331636,2972.54342865,141.208333333,46.2083333333,1
Zmar,-124.03722,46.88889,GBIF,1315122,1580.89239972,-124.041666667,46.875,1
Zmar,-122.918383,48.439667,GBIF,1279440,3611.44199273,-122.958333333,48.4583333333,1
Zmar,-122.54611,47.99333,GBIF,1290500,3905.38940969,-122.541666667,47.9583333333,1
Zmar,-122.33083,47.60639,GBIF,1297915,3598.560777,-122.291666667,47.625,1
Zmar,-122.52444,47.74722,GBIF,1296044,4512.61249098,-122.541666667,47.7083333333,1
Zmar,-124.61306,48.37806,GBIF,1281255,947.714238512,-124.625,48.375,1
Zmar,-122.721667,48.197167,GBIF,1284962,1588.70337869,-122.708333333,48.2083333333,1
Zmar,-71.575,41.19166,GBIF,1460804,3353.57818265,-71.5416666667,41.2083333333,1
Zmar,-70.00833,41.54361,GBIF,1451584,2790.0184299,-70.0416666667,41.5416666667,1
Zmar,-68.36444,44.42694,GBIF,1373487,3588.31710952,-68.375,44.4583333333,1
Zmar,-73.05472,40.66777,GBIF,1474527,4637.64765167,-73.0416666667,40.7083333333,1
Zmar,-71.97916,41.26944,GBIF,1458485,3022.86780828,-71.9583333333,41.2916666667,1
Zmar,-70.29944,41.7,GBIF,1446972,1129.2815448,-70.2916666667,41.7083333333,1
Zmar,145.492046,43.263392,GBIF,1404950,4166.08773516,145.458333333,43.2916666667,1
Zmar,-22.0,64.0,GBIF,946920,5072.05366858,-22.0416666667,64.0416666667,1
Zmar,11.0,55.0,GBIF,1136370,5349.58748435,11.0416666667,55.0416666667,1
Zmar,5.861,59.3434,GBIF,1030351,3609.21200458,5.875,59.375,1
Zmar,6.8911,62.6737,GBIF,967679,3947.17847299,6.875,62.7083333333,1
Zmar,-123.8953,45.5237,GBIF,1346857,2549.87110374,-123.875,45.5416666667,1
Zmar,-14.876,65.749,GBIF,924567,4534.70624383,-14.875,65.7083333333,1
Zmar,-22.312,65.042,GBIF,933219,958.456201446,-22.2916666667,65.0416666667,1
Zmar,-22.192,65.45,GBIF,927814,1198.76466698,-22.2083333333,65.4583333333,1
Zmar,-16.081,66.521,GBIF,913912,2892.97293883,-16.0416666667,66.5416666667,1
Zmar,-22.276,64.513,GBIF,939818,3283.22408901,-22.2916666667,64.5416666667,1
Zmar,-21.583,65.938,GBIF,921445,2945.68837324,-21.5416666667,65.9583333333,1
Zmar,-22.441,63.945,GBIF,948118,1712.0442463,-22.4583333333,63.9583333333,1
Zmar,-22.913,65.375,GBIF,928916,1767.50010154,-22.875,65.375,1
Zmar,-23.17,66.059,GBIF,920384,2598.69332189,-23.2083333333,66.0416666667,1
Zmar,-51.55,64.15,Krause-Jensen et al 2020,945473,2816.36924245,-51.5416666667,64.125,1
Zmar,38.0,64.0,Krause-Jensen et al 2020,947300,5072.05366858,38.0416666667,64.0416666667,1
Zmar,32.0,69.75,Krause-Jensen et al 2020,858520,4918.75339274,32.0416666667,69.7916666667,1
Zmar,35.0,65.75,Krause-Jensen et al 2020,923883,5022.84357057,35.0416666667,65.7916666667,1
Zmar,33.6,66.35,Krause-Jensen et al 2020,916492,3004.00556015,33.625,66.375,1
Zmar,-177.63,64.75,Krause-Jensen et al 2020,936907,4651.46125208,-177.625,64.7083333333,1
Zmar,-51.22,64.47,Olesen et al 2015,940725,1416.6317882,-51.2083333333,64.4583333333,1
Zmar,-50.63,64.39,Wilson and Lotze 2020,941885,1689.56946724,-50.625,64.375,1
Zmar,-50.49,64.16,Wilson and Lotze 2020,945486,4195.29221255,-50.4583333333,64.125,1
Zmar,-79.05,53.73,Wilson and Lotze 2020,1166206,2473.45045597,-79.0416666667,53.7083333333,1
Zmar,-78.75,52.8,Wilson and Lotze 2020,1185441,2959.60223981,-78.7083333333,52.7916666667,1
Zmar,-78.66,52.53,Wilson and Lotze 2020,1190614,2706.60132554,-78.625,52.5416666667,1
Zmar,-55.59,51.37,Wilson and Lotze 2020,1214870,2499.87129519,-55.625,51.375,1
Zmar,-58.61,51.21,Wilson and Lotze 2020,1218412,1064.4969872,-58.625,51.2083333333,1
Zmar,-56.88,51.11,Wilson and Lotze 2020,1220213,1705.08759175,-56.875,51.125,1
Zmar,139.799889,35.322,OBIS,1635068,3447.44709808,139.791666667,35.2916666667,1
Zmar,132.919,34.2966,OBIS,1665222,3662.34560032,132.958333333,34.2916666667,1
Zmar,130.5899,31.1663,OBIS,1761300,5671.89475076,130.625,31.125,1
Zmar,141.9039,39.3275,OBIS,1515665,4694.61869712,141.875,39.2916666667,1
Zmar,139.606337,35.20022,OBIS,1637542,1923.1266626,139.625,35.2083333333,1
Zmar,126.4700012,35.63000107,OBIS,1624977,1193.74176506,126.458333333,35.625,1
Zmar,124.6999969,37.90000153,OBIS,1557391,2870.28766646,124.708333333,37.875,1
Zmar,126.5299988,36.24000168,OBIS,1607136,3667.26121128,126.541666667,36.2083333333,1
Zmar,126.4199982,35.79999924,OBIS,1619903,3586.53741788,126.458333333,35.7916666667,1
Zmar,126.5999985,37.20000076,OBIS,1577158,2404.41063324,126.625,37.2083333333,1
Zmar,127.445827,39.147635,GBIF,1520388,2735.66090717,127.458333333,39.125,1
Zmar,127.942995,34.7723,GBIF,1649869,2566.49579849,127.958333333,34.7916666667,1
Zmar,134.55882,34.7845,GBIF,1649920,1759.76028174,134.541666667,34.7916666667,1
Zmar,141.43428,38.53939,GBIF,1537755,2112.23611052,141.458333333,38.5416666667,1
Zmar,140.84236,41.2055,GBIF,1461957,2755.59117257,140.875,41.2083333333,1
Zmar,121.61,38.91,GBIF,1527730,4097.6109301,121.625,38.875,1
Zmar,126.65,34.17,GBIF,1667732,4836.47514034,126.625,34.2083333333,1
Zmar,140.860833,36.918889,GBIF,1584698,4555.69142296,140.875,36.9583333333,1
Zmar,135.916667,33.566667,GBIF,1688461,4760.32085309,135.958333333,33.5416666667,1
Zmar,136.8606,34.2767,GBIF,1665247,2124.69078481,136.875,34.2916666667,1
Zmar,139.57962,38.58798,GBIF,1535301,5274.18732981,139.541666667,38.625,1
Zmar,134.595312,34.203852,GBIF,1667806,2780.86827851,134.625,34.2083333333,1
Zmar,134.587231,34.02926,GBIF,1672962,3749.51265514,134.625,34.0416666667,1
Zmar,130.807984,42.653872,GBIF,1422673,3475.27920258,130.791666667,42.625,1
Zmar,134.127294,43.013606,GBIF,1411451,3122.95335112,134.125,43.0416666667,1
Zmar,131.253315,42.797044,GBIF,1418141,3193.99911114,131.291666667,42.7916666667,1
Zmar,131.771388,43.179664,GBIF,1407045,3586.31004194,131.791666667,43.2083333333,1
Zmar,132.732988,42.892743,GBIF,1415905,2818.14453366,132.708333333,42.875,1
Zmar,134.933,34.533298,GBIF,1657534,2504.02114322,134.958333333,34.5416666667,1
Zmar,134.95,34.283298,GBIF,1665240,1204.35621611,134.958333333,34.2916666667,1
Zmar,133.483889,34.450167,GBIF,1660082,2516.98704817,133.458333333,34.4583333333,1
Zmar,140.63136,36.51917,GBIF,1597164,2560.5815128,140.625,36.5416666667,1
Zmar,140.983333,37.833333,GBIF,1557536,5121.43425344,140.958333333,37.875,1
Zmar,134.19934,34.49278,GBIF,1660091,3909.49900237,134.208333333,34.4583333333,1
Zmar,133.35471,35.43108,GBIF,1630085,3540.68558337,133.375,35.4583333333,1
Zmar,137.11816,34.61901,GBIF,1654994,913.792531914,137.125,34.625,1
Zmar,140.96236,37.707,GBIF,1562463,384.676627386,140.958333333,37.7083333333,1
Zmar,-175.033333,52.033333,GBIF,1200327,1089.42959039,-175.041666667,52.0416666667,1
